{
	"Changes": [
		// Aquatic Chicken
		{
			"Action": "EditData",
			"Target": "Data/FarmAnimals",
			"Entries": {
				"{{ModId}}.AquaticChicken": {
					"DisplayName": "{{i18n: Chicken.AquaticChicken.Name}}",
					"House": "Coop",
					"EggItemIds": ["{{ModId}}.AquaticEgg", "{{ModId}}.LargeAquaticEgg"],
					"IncubationTime": "{{Round: {{query: {{ResourceChickenIncubationTimeChoice}} * 1}}, 0, down }}",
					"BirthText": "{{i18n: Chicken.AquaticChicken.BirthText}}",
					"DaysToMature": "{{Round: {{query: {{ResourceChickenDaysToMatureChoice}} * 3}}, 0, down }}",
					"ProduceItemIds": [
						{
							"ItemId": "{{ModId}}.AquaticEgg"
						}
					],
					"DeluxeProduceItemIds": [
						{
							"ItemId": "{{ModId}}.LargeAquaticEgg"
						}
					],
					"DaysToProduce": "{{Round: {{query: {{ResourceChickenDaysToProduceChoice}} * 1}}, 0, up }}",
					"DeluxeProduceMinimumFriendship": "{{query: {{HeartsRequiredForLargeEggs}} * 200}}",
					"Sound": "cluck",
					"Texture": "{{ModId}}/AquaticChicken",
					"BabyTexture": "{{ModId}}/AquaticChickenBaby",
					"SleepFrame": 17,
					"UseDoubleUniqueAnimationFrames": true,
					"ProfessionForHappinessBoost": 2,
					"ProfessionForQualityBoost": 0,
					"CanSwim": "{{ChickensCanSwim}}",
					"HappinessDrain": 20,
					"SellPrice": "{{Round: {{query: {{ResourceChickenPriceChoice}} * 1.2}}, 0, up }}"
				}
			}
		},
		// Chicken Eggs
		{
			"Action": "EditData",
			"Target": "Data/Objects",
			"Entries": {
				"{{ModId}}.AquaticEgg": {
					"Name": "{{ModId}}.AquaticEgg",
					"DisplayName": "{{i18n: Egg.Aquatic.Name}}",
					"Description": "{{i18n: ResourceEgg.Description}}",
					"Type": "Basic",
					"Category": -5,
					"Price": "{{Round: {{query: {{ResourceEggSellPriceChoice}} * 1.2}}, 0, up }}",
					"Texture": "{{ModId}}/Eggs",
					"SpriteIndex": 40,
					"Edibility": 10,
					"ExcludeFromFishingCollection": true,
					"ExcludeFromShippingCollection": true,
					"ExcludeFromRandomSale": true,
					"ContextTags": ["resource_egg_item", "color_blue", "egg_item"]
				},
				"{{ModId}}.LargeAquaticEgg": {
					"Name": "{{ModId}}.LargeAquaticEgg",
					"DisplayName": "{{i18n: LargeEgg.Aquatic.Name}}",
					"Description": "{{i18n: ResourceEgg.Description}}",
					"Type": "Basic",
					"Category": -5,
					"Price": "{{Round: {{query: ({{ResourceEggSellPriceChoice}} * 1.2) * 1.9}}, 0, up }}",
					"Texture": "{{ModId}}/Eggs",
					"SpriteIndex": 41,
					"Edibility": 15,
					"ExcludeFromFishingCollection": true,
					"ExcludeFromShippingCollection": true,
					"ExcludeFromRandomSale": true,
					"ContextTags": ["large_resource_egg_item", "color_blue", "egg_item"]
				}
			}
		},
		// Hatta sprites
		{
			"Action": "EditImage",
			"Target": "{{ModId}}/AquaticChicken, {{ModId}}/AquaticChickenBaby",
			"FromFile": "assets/images/hattastyle/Hatta{{TargetWithoutPath}}.png",
			"When": {
				"ChickenAppearanceVersion": "HattaStyle"
			}
		},
		// Allow Skins Feature
		{
			"Action": "EditData",
			"Target": "Data/FarmAnimals",
			"Fields": {
				"{{ModId}}.AquaticChicken": {
					"Skins": [
						{
							"Id": "{{ModId}}.AquaticHattaStyle",
							"Texture": "{{ModId}}/HattaAquaticChicken",
							"BabyTexture": "{{ModId}}/HattaAquaticChickenBaby"
						}
					]
				}
			},
			"When": {
				"ChickenAppearanceVersion": "Both"
			}
		},
		// Add spawn condition in fishing treasure chests
		{
			"Action": "EditData",
			"Target": "Mods/mistyspring.ItemExtensions/Treasure",
			"Entries": {
				"{{ModId}}.AquaticEggTreasure": {
					"ItemId": "{{ModId}}.AquaticEgg",
					"MinStack": 1,
					"MaxStack": 1,
					"Chance": 0.03,
					"Condition": "PLAYER_FISHING_LEVEL Current 3"
				}
			}
		},
		// Add spawn condition in panning
		{
			"Action": "EditData",
			"Target": "Mods/mistyspring.ItemExtensions/Panning",
			"Entries": {
				"{{ModId}}.AquaticEggPanning": {
					"ItemId": "{{ModId}}.AquaticEgg",
					"MinStack": 1,
					"MaxStack": 1,
					"Chance": 0.05
				}
			}
		}
	]
}
