{
	"Changes": [
		// Bait Chicken
		{
			"Action": "EditData",
			"Target": "Data/FarmAnimals",
			"Entries": {
				"{{ModId}}.BaitChicken": {
					"DisplayName": "{{i18n: Chicken.BaitChicken.Name}}",
					"House": "Coop",
					"EggItemIds": ["{{ModId}}.BaitEgg", "{{ModId}}.LargeBaitEgg"],
					"IncubationTime": "{{ResourceChickenIncubationTimeChoice}}",
					"BirthText": "{{i18n: Chicken.BaitChicken.BirthText}}",
					"DaysToMature": "{{Round: {{query: {{ResourceChickenDaysToMatureChoice}} * 3}}, 0, down }}",
					"ProduceItemIds": [
						{
							"ItemId": "{{ModId}}.BaitEgg"
						}
					],
					"DeluxeProduceItemIds": [
						{
							"ItemId": "{{ModId}}.LargeBaitEgg"
						}
					],
					"DaysToProduce": "{{Round: {{query: {{ResourceChickenDaysToProduceChoice}} * 1}}, 0, up }}",
					"DeluxeProduceMinimumFriendship": "{{query: {{HeartsRequiredForLargeEggs}} * 200}}",
					"Sound": "cluck",
					"Texture": "{{ModId}}/BaitChicken",
					"BabyTexture": "{{ModId}}/BaitChickenBaby",
					"SleepFrame": 17,
					"UseDoubleUniqueAnimationFrames": true,
					"ProfessionForHappinessBoost": 2,
					"ProfessionForQualityBoost": 0,
					"CanSwim": "{{ChickensCanSwim}}",
					"HappinessDrain": 20,
					"SellPrice": "{{Round: {{query: {{ResourceChickenPriceChoice}} * 1.1}}, 0, up }}"
				}
			}
		},
		// Chicken Eggs
		{
			"Action": "EditData",
			"Target": "Data/Objects",
			"Entries": {
				"{{ModId}}.BaitEgg": {
					"Name": "{{ModId}}.BaitEgg",
					"DisplayName": "{{i18n: Egg.Bait.Name}}",
					"Description": "{{i18n: ResourceEgg.Description}}",
					"Type": "Basic",
					"Category": -5,
					"Price": "{{Round: {{query: {{ResourceEggSellPriceChoice}} * 1.1}}, 0, up}}",
					"Texture": "{{ModId}}/Eggs",
					"SpriteIndex": 14,
					"Edibility": 10,
					"ExcludeFromFishingCollection": true,
					"ExcludeFromShippingCollection": true,
					"ExcludeFromRandomSale": true,
					"ContextTags": ["resource_egg_item", "color_pink", "egg_item"]
				},
				"{{ModId}}.LargeBaitEgg": {
					"Name": "{{ModId}}.LargeBaitEgg",
					"DisplayName": "{{i18n: LargeEgg.Bait.Name}}",
					"Description": "{{i18n: ResourceEgg.Description}}",
					"Type": "Basic",
					"Category": -5,
					"Price": "{{Round: {{query: ({{ResourceEggSellPriceChoice}} * 1.1) * 1.9}}, 0, up }}",
					"Texture": "{{ModId}}/Eggs",
					"SpriteIndex": 15,
					"Edibility": 15,
					"ExcludeFromFishingCollection": true,
					"ExcludeFromShippingCollection": true,
					"ExcludeFromRandomSale": true,
					"ContextTags": ["large_resource_egg_item", "color_pink", "egg_item"]
				}
			}
		},
		// Hatta sprites
		{
			"Action": "EditImage",
			"Target": "{{ModId}}/BaitChicken, {{ModId}}/BaitChickenBaby",
			"FromFile": "assets/images/hattastyle/Hatta{{TargetWithoutPath}}.png",
			"When": {
				"ChickenAppearanceVersion": "HattaStyle"
			}
		},
		// Allow Skins Feature
		{
			"Action": "EditData",
			"Target": "Data/FarmAnimals",
			"Fields": {
				"{{ModId}}.BaitChicken": {
					"Skins": [
						{
							"Id": "{{ModId}}.BaitHattaStyle",
							"Texture": "{{ModId}}/HattaBaitChicken",
							"BabyTexture": "{{ModId}}/HattaBaitChickenBaby"
						}
					]
				}
			},
			"When": {
				"ChickenAppearanceVersion": "Both"
			}
		},
		// Add spawn condition in fishing treasure chests
		{
			"Action": "EditData",
			"Target": "Mods/mistyspring.ItemExtensions/Treasure",
			"Entries": {
				"{{ModId}}.BaitEggTreasure": {
					"ItemId": "{{ModId}}.BaitEgg",
					"Chance": 0.1,
					"MinStack": 1,
					"MaxStack": 1,
					"Condition": "PLAYER_FISHING_LEVEL Current 2"
				}
			}
		},
		// Add spawn condition in panning
		{
			"Action": "EditData",
			"Target": "Mods/mistyspring.ItemExtensions/Panning",
			"Entries": {
				"{{ModId}}.BaitEggPanning": {
					"ItemId": "{{ModId}}.BaitEgg",
					"MinStack": 1,
					"MaxStack": 1,
					"Chance": 0.05
				}
			}
		},
		// For sale with Willy after getting Ol' Mariner achievement
		{
			"Action": "EditData",
			"Target": "Data/Shops",
			"TargetField": ["FishShop", "Items"],
			"Entries": {
				"{{ModId}}.BaitEggWilly": {
					"Id": "{{ModId}}.BaitEggWilly",
					"ItemId": "{{ModId}}.BaitEgg",
					"Condition": "PLAYER_HAS_ACHIEVEMENT Current 25",
					"Price": 3000,
					"AvailableStock": 1
				}
			},
			"MoveEntries": [
				{
					"ID": "{{ModId}}.BaitEggWilly",
					"AfterID": "(O)685"
				}
			]
		}
	]
}
