{
	"Changes": [
		// Bomb Chicken
		{
			"Action": "EditData",
			"Target": "Data/FarmAnimals",
			"Entries": {
				"{{ModId}}.BombChicken": {
					"DisplayName": "{{i18n: Chicken.BombChicken.Name}}",
					"House": "Coop",
					"EggItemIds": ["{{ModId}}.BombEgg", "{{ModId}}.LargeBombEgg"],
					"IncubationTime": "{{Round: {{query: {{ResourceChickenIncubationTimeChoice}} * 1}}, 0, down }}",
					"BirthText": "{{i18n: Chicken.BombChicken.BirthText}}",
					"DaysToMature": "{{Round: {{query: {{ResourceChickenDaysToMatureChoice}} * 3}}, 0, down }}",
					"ProduceItemIds": [
						{
							"ItemId": "{{ModId}}.BombEgg"
						}
					],
					"DeluxeProduceItemIds": [
						{
							"ItemId": "{{ModId}}.LargeBombEgg"
						}
					],
					"DaysToProduce": "{{Round: {{query: {{ResourceChickenDaysToProduceChoice}} * 1}}, 0, up }}",
					"DeluxeProduceMinimumFriendship": "{{query: {{HeartsRequiredForLargeEggs}} * 200}}",
					"Sound": "cluck",
					"Texture": "{{ModId}}/BombChicken",
					"BabyTexture": "{{ModId}}/BombChickenBaby",
					"SleepFrame": 17,
					"UseDoubleUniqueAnimationFrames": true,
					"ProfessionForHappinessBoost": 2,
					"ProfessionForQualityBoost": 0,
					"CanSwim": "{{ChickensCanSwim}}",
					"HappinessDrain": 20,
					"SellPrice": "{{Round: {{query: {{ResourceChickenPriceChoice}} * 1.3}}, 0, up }}"
				}
			}
		},
		// Chicken Eggs
		{
			"Action": "EditData",
			"Target": "Data/Objects",
			"Entries": {
				"{{ModId}}.BombEgg": {
					"Name": "{{ModId}}.BombEgg",
					"DisplayName": "{{i18n: Egg.Bomb.Name}}",
					"Description": "{{i18n: ResourceEgg.Description}}",
					"Type": "Basic",
					"Category": -5,
					"Price": "{{Round: {{query: {{ResourceEggSellPriceChoice}} * 1.3}}, 0, up }}",
					"Texture": "{{ModId}}/Eggs",
					"SpriteIndex": 36,
					"Edibility": 10,
					"ExcludeFromFishingCollection": true,
					"ExcludeFromShippingCollection": true,
					"ExcludeFromRandomSale": true,
					"ContextTags": ["resource_egg_item", "color_red", "egg_item"]
				},
				"{{ModId}}.LargeBombEgg": {
					"Name": "{{ModId}}.LargeBombEgg",
					"DisplayName": "{{i18n: LargeEgg.Bomb.Name}}",
					"Description": "{{i18n: ResourceEgg.Description}}",
					"Type": "Basic",
					"Category": -5,
					"Price": "{{Round: {{query: ({{ResourceEggSellPriceChoice}} * 1.3) * 1.9}}, 0, up }}",
					"Texture": "{{ModId}}/Eggs",
					"SpriteIndex": 37,
					"Edibility": 15,
					"ExcludeFromFishingCollection": true,
					"ExcludeFromShippingCollection": true,
					"ExcludeFromRandomSale": true,
					"ContextTags": ["large_resource_egg_item", "color_red", "egg_item"]
				}
			}
		},
		// Hatta sprites
		{
			"Action": "EditImage",
			"Target": "{{ModId}}/BombChicken, {{ModId}}/BombChickenBaby",
			"FromFile": "assets/images/hattastyle/Hatta{{TargetWithoutPath}}.png",
			"When": {
				"ChickenAppearanceVersion": "HattaStyle"
			}
		},
		// Allow Skins Feature
		{
			"Action": "EditData",
			"Target": "Data/FarmAnimals",
			"Fields": {
				"{{ModId}}.BombChicken": {
					"Skins": [
						{
							"Id": "{{ModId}}.BombHattaStyle",
							"Texture": "{{ModId}}/HattaBombChicken",
							"BabyTexture": "{{ModId}}/HattaBombChickenBaby"
						}
					]
				}
			},
			"When": {
				"ChickenAppearanceVersion": "Both"
			}
		},
		// Adds Bomb Egg for sale with the Dwarf
		{
			"Action": "EditData",
			"Target": "Data/Shops",
			"TargetField": ["Dwarf", "Items"],
			"Entries": {
				"{{ModId}}.BombEggDwarf": {
					"Id": "{{ModId}}.BombEggDwarf",
					"ItemId": "{{ModId}}.BombEgg",
					"Condition": "PLAYER_HAS_MAIL Current {{ModId}}.BombEggMail.EggForSale Any",
					"Price": 5000,
					"AvailableStock": 1
				}
			},
			"MoveEntries": [
				{
					"Id": "{{ModId}}.BombEggDwarf",
					"BeforeId": "(O)243"
				}
			]
		}
	]
}
