{
	"Changes": [
		// Coal Chicken
		{
			"Action": "EditData",
			"Target": "Data/FarmAnimals",
			"Entries": {
				"{{ModId}}.CoalChicken": {
					"DisplayName": "{{i18n: Chicken.CoalChicken.Name}}",
					"House": "Coop",
					"PurchasePrice": "{{query: {{ResourceChickenPriceChoice}} / 2}}",
					"ShopTexture": "{{ModId}}/CoalShopTexture",
					"ShopSourceRect": {
						"X": 0,
						"Y": 0,
						"Width": 32,
						"Height": 16
					},
					"RequiredBuilding": "{{Level1ChickenRequiredBuilding}}",
					"ShopDescription": "{{i18n: Chicken.CoalChicken.Description}}",
					"ShopMissingBuildingDescription": "{{i18n: Chicken.Level1.MissingBuildingDescription}}",
					"EggItemIds": ["{{ModId}}.CoalEgg", "{{ModId}}.LargeCoalEgg"],
					"IncubationTime": "{{ResourceChickenIncubationTimeChoice}}",
					"BirthText": "{{i18n: Chicken.CoalChicken.BirthText}}",
					"DaysToMature": "{{Round: {{query: {{ResourceChickenDaysToMatureChoice}} * 3}}, 0, down }}",
					"ProduceItemIds": [
						{
							"ItemId": "{{ModId}}.CoalEgg"
						}
					],
					"DeluxeProduceItemIds": [
						{
							"ItemId": "{{ModId}}.LargeCoalEgg"
						}
					],
					"DaysToProduce": "{{Round: {{query: {{ResourceChickenDaysToProduceChoice}} * 1}}, 0, up }}",
					"DeluxeProduceMinimumFriendship": "{{query: {{HeartsRequiredForLargeEggs}} * 200}}",
					"Sound": "cluck",
					"Texture": "{{ModId}}/CoalChicken",
					"BabyTexture": "{{ModId}}/CoalChickenBaby",
					"SleepFrame": 17,
					"UseDoubleUniqueAnimationFrames": true,
					"ProfessionForHappinessBoost": 2,
					"ProfessionForQualityBoost": 0,
					"CanSwim": "{{ChickensCanSwim}}",
					"HappinessDrain": 20,
					"SellPrice": "{{ResourceChickenPriceChoice}}"
				}
			}
		},
		// Chicken Eggs
		{
			"Action": "EditData",
			"Target": "Data/Objects",
			"Entries": {
				"{{ModId}}.CoalEgg": {
					"Name": "{{ModId}}.CoalEgg",
					"DisplayName": "{{i18n: Egg.Coal.Name}}",
					"Description": "{{i18n: ResourceEgg.Description}}",
					"Type": "Basic",
					"Category": -5,
					"Price": "{{ResourceEggSellPriceChoice}}",
					"Texture": "{{ModId}}/Eggs",
					"SpriteIndex": 2,
					"Edibility": 10,
					"ExcludeFromFishingCollection": true,
					"ExcludeFromShippingCollection": true,
					"ExcludeFromRandomSale": true,
					"ContextTags": ["resource_egg_item", "color_black", "egg_item"]
				},
				"{{ModId}}.LargeCoalEgg": {
					"Name": "{{ModId}}.LargeCoalEgg",
					"DisplayName": "{{i18n: LargeEgg.Coal.Name}}",
					"Description": "{{i18n: ResourceEgg.Description}}",
					"Type": "Basic",
					"Category": -5,
					"Price": "{{Round: {{query: {{ResourceEggSellPriceChoice}} * 1.9}}, 0, up }}",
					"Texture": "{{ModId}}/Eggs",
					"SpriteIndex": 3,
					"Edibility": 15,
					"ExcludeFromFishingCollection": true,
					"ExcludeFromShippingCollection": true,
					"ExcludeFromRandomSale": true,
					"ContextTags": ["large_resource_egg_item", "color_black", "egg_item"]
				}
			}
		},
		// Hatta sprites
		{
			"Action": "EditImage",
			"Target": "{{ModId}}/CoalChicken, {{ModId}}/CoalChickenBaby",
			"FromFile": "assets/images/hattastyle/Hatta{{TargetWithoutPath}}.png",
			"When": {
				"ChickenAppearanceVersion": "HattaStyle"
			}
		},
		// Allow Skins Feature
		{
			"Action": "EditData",
			"Target": "Data/FarmAnimals",
			"Fields": {
				"{{ModId}}.CoalChicken": {
					"Skins": [
						{
							"Id": "{{ModId}}.CoalHattaStyle",
							"Texture": "{{ModId}}/HattaCoalChicken",
							"BabyTexture": "{{ModId}}/HattaCoalChickenBaby"
						}
					]
				}
			},
			"When": {
				"ChickenAppearanceVersion": "Both"
			}
		}
	]
}
