{
	"Changes": [
		// Copper Chicken
		{
			"Action": "EditData",
			"Target": "Data/FarmAnimals",
			"Entries": {
				"{{ModId}}.CopperChicken": {
					"DisplayName": "{{i18n: Chicken.CopperChicken.Name}}",
					"House": "Coop",
					"EggItemIds": [
						"{{ModId}}.CopperEgg",
						"{{ModId}}.LargeCopperEgg",
						"{{ModId}}.CopperEggFusionChamber"
					],
					"IncubationTime": "{{ResourceChickenIncubationTimeChoice}}",
					"BirthText": "{{i18n: Chicken.CopperChicken.BirthText}}",
					"DaysToMature": "{{Round: {{query: {{ResourceChickenDaysToMatureChoice}} * 3}}, 0, down }}",
					"ProduceItemIds": [
						{
							"ItemId": "{{ModId}}.CopperEgg"
						}
					],
					"DeluxeProduceItemIds": [
						{
							"ItemId": "{{ModId}}.LargeCopperEgg"
						}
					],
					"DaysToProduce": "{{Round: {{query: {{ResourceChickenDaysToProduceChoice}} * 1}}, 0, up }}",
					"DeluxeProduceMinimumFriendship": "{{query: {{HeartsRequiredForLargeEggs}} * 200}}",
					"Sound": "cluck",
					"Texture": "{{ModId}}/CopperChicken",
					"BabyTexture": "{{ModId}}/CopperChickenBaby",
					"SleepFrame": 17,
					"UseDoubleUniqueAnimationFrames": true,
					"ProfessionForHappinessBoost": 2,
					"ProfessionForQualityBoost": 0,
					"CanSwim": "{{ChickensCanSwim}}",
					"HappinessDrain": 20,
					"SellPrice": "{{Round: {{query: {{ResourceChickenPriceChoice}} * 1.1}}, 0, up }}"
				}
			}
		},
		// Chicken Eggs
		{
			"Action": "EditData",
			"Target": "Data/Objects",
			"Entries": {
				"{{ModId}}.CopperEgg": {
					"Name": "{{ModId}}.CopperEgg",
					"DisplayName": "{{i18n: Egg.Copper.Name}}",
					"Description": "{{i18n: ResourceEgg.Description}}",
					"Type": "Basic",
					"Category": -5,
					"Price": "{{Round: {{query: {{ResourceEggSellPriceChoice}} * 1.1}}, 0, up }}",
					"Texture": "{{ModId}}/Eggs",
					"SpriteIndex": 8,
					"Edibility": 10,
					"ExcludeFromFishingCollection": true,
					"ExcludeFromShippingCollection": true,
					"ExcludeFromRandomSale": true,
					"ContextTags": ["resource_egg_item", "color_copper", "egg_item"]
				},
				"{{ModId}}.LargeCopperEgg": {
					"Name": "{{ModId}}.LargeCopperEgg",
					"DisplayName": "{{i18n: LargeEgg.Copper.Name}}",
					"Description": "{{i18n: ResourceEgg.Description}}",
					"Type": "Basic",
					"Category": -5,
					"Price": "{{Round: {{query: ({{ResourceEggSellPriceChoice}} * 1.1) * 1.9}}, 0, up }}",
					"Texture": "{{ModId}}/Eggs",
					"SpriteIndex": 9,
					"Edibility": 15,
					"ExcludeFromFishingCollection": true,
					"ExcludeFromShippingCollection": true,
					"ExcludeFromRandomSale": true,
					"ContextTags": ["large_resource_egg_item", "color_copper", "egg_item"]
				},
				"{{ModId}}.CopperEggFusionChamber": {
					"Name": "{{ModId}}.CopperEggFusionChamber",
					"DisplayName": "{{i18n: FusionChamber.Copper.Name}}",
					"Description": "{{i18n: FusionChamber.Description}}",
					"Type": "Basic",
					"Category": -18,
					"Price": "{{Round: {{query: ({{ResourceEggSellPriceChoice}} * 1.1) * 1.9}}, 0, up }}",
					"Texture": "{{ModId}}/FusionChambers",
					"SpriteIndex": 0,
					"Edibility": -300,
					"ExcludeFromFishingCollection": true,
					"ExcludeFromShippingCollection": true,
					"ExcludeFromRandomSale": true
				}
			}
		},
		// Hatta sprites
		{
			"Action": "EditImage",
			"Target": "{{ModId}}/CopperChicken, {{ModId}}/CopperChickenBaby",
			"FromFile": "assets/images/hattastyle/Hatta{{TargetWithoutPath}}.png",
			"When": {
				"ChickenAppearanceVersion": "HattaStyle"
			}
		},
		// Allow Skins Feature
		{
			"Action": "EditData",
			"Target": "Data/FarmAnimals",
			"Fields": {
				"{{ModId}}.CopperChicken": {
					"Skins": [
						{
							"Id": "{{ModId}}.CopperHattaStyle",
							"Texture": "{{ModId}}/HattaCopperChicken",
							"BabyTexture": "{{ModId}}/HattaCopperChickenBaby"
						}
					]
				}
			},
			"When": {
				"ChickenAppearanceVersion": "Both"
			}
		}
	]
}
