{
	"Changes": [
		// Farmer Chicken
		{
			"Action": "EditData",
			"Target": "Data/FarmAnimals",
			"Entries": {
				"{{ModId}}.FarmerChicken": {
					"DisplayName": "{{i18n: Chicken.FarmerChicken.Name}}",
					"House": "Coop",
					"EggItemIds": ["{{ModId}}.FarmerEgg", "{{ModId}}.LargeFarmerEgg"],
					"IncubationTime": "{{Round: {{query: {{ResourceChickenIncubationTimeChoice}} * 1}}, 0, down }}",
					"BirthText": "{{i18n: Chicken.FarmerChicken.BirthText}}",
					"DaysToMature": "{{Round: {{query: {{ResourceChickenDaysToMatureChoice}} * 3}}, 0, down }}",
					"ProduceItemIds": [
						{
							"ItemId": "{{ModId}}.FarmerEgg"
						}
					],
					"DeluxeProduceItemIds": [
						{
							"ItemId": "{{ModId}}.LargeFarmerEgg"
						}
					],
					"DaysToProduce": "{{Round: {{query: {{ResourceChickenDaysToProduceChoice}} * 1}}, 0, up }}",
					"DeluxeProduceMinimumFriendship": "{{query: {{HeartsRequiredForLargeEggs}} * 200}}",
					"Sound": "cluck",
					"Texture": "{{ModId}}/FarmerChicken",
					"BabyTexture": "{{ModId}}/FarmerChickenBaby",
					"SleepFrame": 17,
					"UseDoubleUniqueAnimationFrames": true,
					"ProfessionForHappinessBoost": 2,
					"ProfessionForQualityBoost": 0,
					"CanSwim": "{{ChickensCanSwim}}",
					"HappinessDrain": 20,
					"SellPrice": "{{Round: {{query: {{ResourceChickenPriceChoice}} * 1.2}}, 0, up }}"
				}
			}
		},
		// Chicken Eggs
		{
			"Action": "EditData",
			"Target": "Data/Objects",
			"Entries": {
				"{{ModId}}.FarmerEgg": {
					"Name": "{{ModId}}.FarmerEgg",
					"DisplayName": "{{i18n: Egg.Farmer.Name}}",
					"Description": "{{i18n: ResourceEgg.Description}}",
					"Type": "Basic",
					"Category": -5,
					"Price": "{{Round: {{query: {{ResourceEggSellPriceChoice}} * 1.2}}, 0, up }}",
					"Texture": "{{ModId}}/Eggs",
					"SpriteIndex": 32,
					"Edibility": 10,
					"ExcludeFromFishingCollection": true,
					"ExcludeFromShippingCollection": true,
					"ExcludeFromRandomSale": true,
					"ContextTags": ["resource_egg_item", "egg_item"]
				},
				"{{ModId}}.LargeFarmerEgg": {
					"Name": "{{ModId}}.LargeFarmerEgg",
					"DisplayName": "{{i18n: LargeEgg.Farmer.Name}}",
					"Description": "{{i18n: ResourceEgg.Description}}",
					"Type": "Basic",
					"Category": -5,
					"Price": "{{Round: {{query: ({{ResourceEggSellPriceChoice}} * 1.2) * 1.9}}, 0, up }}",
					"Texture": "{{ModId}}/Eggs",
					"SpriteIndex": 33,
					"Edibility": 15,
					"ExcludeFromFishingCollection": true,
					"ExcludeFromShippingCollection": true,
					"ExcludeFromRandomSale": true,
					"ContextTags": ["large_resource_egg_item", "egg_item"]
				}
			}
		},
		// Adds Farmer Egg for sale with Marnie
		{
			"Action": "EditData",
			"Target": "Data/Shops",
			"TargetField": ["AnimalShop", "Items"],
			"Entries": {
				"{{ModId}}.FarmerEggMarnie": {
					"Id": "{{ModId}}.FarmerEggMarnie",
					"ItemId": "{{ModId}}.FarmerEgg",
					"Condition": "PLAYER_HAS_MAIL Current {{ModId}}.FarmerEggMail.EggForSale Any",
					"Price": 3000,
					"AvailableStock": 1
				}
			},
			"MoveEntries": [
				{
					"Id": "{{ModId}}.FarmerEggMarnie",
					"BeforeId": "(BC)45"
				}
			]
		}
	]
}
