{
	"Changes": [
		// Hardwood Chicken
		{
			"Action": "EditData",
			"Target": "Data/FarmAnimals",
			"Entries": {
				"{{ModId}}.HardwoodChicken": {
					"DisplayName": "{{i18n: Chicken.HardwoodChicken.Name}}",
					"House": "Coop",
					"EggItemIds": [
						"{{ModId}}.HardwoodEgg",
						"{{ModId}}.LargeHardwoodEgg",
						"{{ModId}}.HardwoodEggFusionChamber"
					],
					"IncubationTime": "{{ResourceChickenIncubationTimeChoice}}",
					"BirthText": "{{i18n: Chicken.HardwoodChicken.BirthText}}",
					"DaysToMature": "{{Round: {{query: {{ResourceChickenDaysToMatureChoice}} * 3}}, 0, down }}",
					"ProduceItemIds": [
						{
							"ItemId": "{{ModId}}.HardwoodEgg"
						}
					],
					"DeluxeProduceItemIds": [
						{
							"ItemId": "{{ModId}}.LargeHardwoodEgg"
						}
					],
					"DaysToProduce": "{{Round: {{query: {{ResourceChickenDaysToProduceChoice}} * 1}}, 0, up }}",
					"DeluxeProduceMinimumFriendship": "{{query: {{HeartsRequiredForLargeEggs}} * 200}}",
					"Sound": "cluck",
					"Texture": "{{ModId}}/HardwoodChicken",
					"BabyTexture": "{{ModId}}/HardwoodChickenBaby",
					"SleepFrame": 17,
					"UseDoubleUniqueAnimationFrames": true,
					"ProfessionForHappinessBoost": 2,
					"ProfessionForQualityBoost": 0,
					"CanSwim": "{{ChickensCanSwim}}",
					"HappinessDrain": 20,
					"SellPrice": "{{Round: {{query: {{ResourceChickenPriceChoice}} * 1.1}}, 0, up }}"
				}
			}
		},
		// Chicken Eggs
		{
			"Action": "EditData",
			"Target": "Data/Objects",
			"Entries": {
				"{{ModId}}.HardwoodEgg": {
					"Name": "{{ModId}}.HardwoodEgg",
					"DisplayName": "{{i18n: Egg.Hardwood.Name}}",
					"Description": "{{i18n: ResourceEgg.Description}}",
					"Type": "Basic",
					"Category": -5,
					"Price": "{{Round: {{query: {{ResourceEggSellPriceChoice}} * 1.1}}, 0, up }}",
					"Texture": "{{ModId}}/Eggs",
					"SpriteIndex": 12,
					"Edibility": 10,
					"ExcludeFromFishingCollection": true,
					"ExcludeFromShippingCollection": true,
					"ExcludeFromRandomSale": true,
					"ContextTags": ["resource_egg_item", "color_brown", "egg_item"]
				},
				"{{ModId}}.LargeHardwoodEgg": {
					"Name": "{{ModId}}.LargeHardwoodEgg",
					"DisplayName": "{{i18n: LargeEgg.Hardwood.Name}}",
					"Description": "{{i18n: ResourceEgg.Description}}",
					"Type": "Basic",
					"Category": -5,
					"Price": "{{Round: {{query: ({{ResourceEggSellPriceChoice}} * 1.1) * 1.9}}, 0, up }}",
					"Texture": "{{ModId}}/Eggs",
					"SpriteIndex": 13,
					"Edibility": 15,
					"ExcludeFromFishingCollection": true,
					"ExcludeFromShippingCollection": true,
					"ExcludeFromRandomSale": true,
					"ContextTags": ["large_resource_egg_item", "color_brown", "egg_item"]
				},
				"{{ModId}}.HardwoodEggFusionChamber": {
					"Name": "{{ModId}}.HardwoodEggFusionChamber",
					"DisplayName": "{{i18n: FusionChamber.Hardwood.Name}}",
					"Description": "{{i18n: FusionChamber.Description}}",
					"Type": "Basic",
					"Category": -18,
					"Price": "{{Round: {{query: ({{ResourceEggSellPriceChoice}} * 1.1) * 1.9}}, 0, up }}",
					"Texture": "{{ModId}}/FusionChambers",
					"SpriteIndex": 1,
					"Edibility": -300,
					"ExcludeFromFishingCollection": true,
					"ExcludeFromShippingCollection": true,
					"ExcludeFromRandomSale": true
				}
			}
		},
		// Hatta sprites
		{
			"Action": "EditImage",
			"Target": "{{ModId}}/HardwoodChicken, {{ModId}}/HardwoodChickenBaby",
			"FromFile": "assets/images/hattastyle/Hatta{{TargetWithoutPath}}.png",
			"When": {
				"ChickenAppearanceVersion": "HattaStyle"
			}
		},
		// Allow Skins Feature
		{
			"Action": "EditData",
			"Target": "Data/FarmAnimals",
			"Fields": {
				"{{ModId}}.HardwoodChicken": {
					"Skins": [
						{
							"Id": "{{ModId}}.HardwoodHattaStyle",
							"Texture": "{{ModId}}/HattaHardwoodChicken",
							"BabyTexture": "{{ModId}}/HattaHardwoodChickenBaby"
						}
					]
				}
			},
			"When": {
				"ChickenAppearanceVersion": "Both"
			}
		}
	]
}
