{
	"Changes": [
		// Iron Chicken
		{
			"Action": "EditData",
			"Target": "Data/FarmAnimals",
			"Entries": {
				"{{ModId}}.IronChicken": {
					"DisplayName": "{{i18n: Chicken.IronChicken.Name}}",
					"House": "Coop",
					"EggItemIds": ["{{ModId}}.IronEgg", "{{ModId}}.LargeIronEgg", "{{ModId}}.IronEggFusionChamber"],
					"IncubationTime": "{{Round: {{query: {{ResourceChickenIncubationTimeChoice}} * 1}}, 0, down }}",
					"BirthText": "{{i18n: Chicken.IronChicken.BirthText}}",
					"DaysToMature": "{{Round: {{query: {{ResourceChickenDaysToMatureChoice}} * 3}}, 0, down }}",
					"ProduceItemIds": [
						{
							"ItemId": "{{ModId}}.IronEgg"
						}
					],
					"DeluxeProduceItemIds": [
						{
							"ItemId": "{{ModId}}.LargeIronEgg"
						}
					],
					"DaysToProduce": "{{Round: {{query: {{ResourceChickenDaysToProduceChoice}} * 1}}, 0, up }}",
					"DeluxeProduceMinimumFriendship": "{{query: {{HeartsRequiredForLargeEggs}} * 200}}",
					"Sound": "cluck",
					"Texture": "{{ModId}}/IronChicken",
					"BabyTexture": "{{ModId}}/IronChickenBaby",
					"SleepFrame": 17,
					"UseDoubleUniqueAnimationFrames": true,
					"ProfessionForHappinessBoost": 2,
					"ProfessionForQualityBoost": 0,
					"CanSwim": "{{ChickensCanSwim}}",
					"HappinessDrain": 20,
					"SellPrice": "{{Round: {{query: {{ResourceChickenPriceChoice}} * 1.2}}, 0, up }}"
				}
			}
		},
		// Chicken Eggs
		{
			"Action": "EditData",
			"Target": "Data/Objects",
			"Entries": {
				"{{ModId}}.IronEgg": {
					"Name": "{{ModId}}.IronEgg",
					"DisplayName": "{{i18n: Egg.Iron.Name}}",
					"Description": "{{i18n: ResourceEgg.Description}}",
					"Type": "Basic",
					"Category": -5,
					"Price": "{{Round: {{query: {{ResourceEggSellPriceChoice}} * 1.2}}, 0, up }}",
					"Texture": "{{ModId}}/Eggs",
					"SpriteIndex": 16,
					"Edibility": 10,
					"ExcludeFromFishingCollection": true,
					"ExcludeFromShippingCollection": true,
					"ExcludeFromRandomSale": true,
					"ContextTags": ["resource_egg_item", "color_iron", "egg_item"]
				},
				"{{ModId}}.LargeIronEgg": {
					"Name": "{{ModId}}.LargeIronEgg",
					"DisplayName": "{{i18n: LargeEgg.Iron.Name}}",
					"Description": "{{i18n: ResourceEgg.Description}}",
					"Type": "Basic",
					"Category": -5,
					"Price": "{{Round: {{query: ({{ResourceEggSellPriceChoice}} * 1.2) * 1.9}}, 0, up }}",
					"Texture": "{{ModId}}/Eggs",
					"SpriteIndex": 17,
					"Edibility": 15,
					"ExcludeFromFishingCollection": true,
					"ExcludeFromShippingCollection": true,
					"ExcludeFromRandomSale": true,
					"ContextTags": ["large_resource_egg_item", "color_iron", "egg_item"]
				},
				"{{ModId}}.IronEggFusionChamber": {
					"Name": "{{ModId}}.IronEggFusionChamber",
					"DisplayName": "{{i18n: FusionChamber.Iron.Name}}",
					"Description": "{{i18n: FusionChamber.Description}}",
					"Type": "Basic",
					"Category": -18,
					"Price": "{{Round: {{query: ({{ResourceEggSellPriceChoice}} * 1.2) * 1.9}}, 0, up }}",
					"Texture": "{{ModId}}/FusionChambers",
					"SpriteIndex": 2,
					"Edibility": -300,
					"ExcludeFromFishingCollection": true,
					"ExcludeFromShippingCollection": true,
					"ExcludeFromRandomSale": true
				}
			}
		},
		// Hatta sprites
		{
			"Action": "EditImage",
			"Target": "{{ModId}}/IronChicken, {{ModId}}/IronChickenBaby",
			"FromFile": "assets/images/hattastyle/Hatta{{TargetWithoutPath}}.png",
			"When": {
				"ChickenAppearanceVersion": "HattaStyle"
			}
		},
		// Allow Skins Feature
		{
			"Action": "EditData",
			"Target": "Data/FarmAnimals",
			"Fields": {
				"{{ModId}}.IronChicken": {
					"Skins": [
						{
							"Id": "{{ModId}}.IronHattaStyle",
							"Texture": "{{ModId}}/HattaIronChicken",
							"BabyTexture": "{{ModId}}/HattaIronChickenBaby"
						}
					]
				}
			},
			"When": {
				"ChickenAppearanceVersion": "Both"
			}
		}
	]
}
