{
	"Changes": [
		// Monster Chicken
		{
			"Action": "EditData",
			"Target": "Data/FarmAnimals",
			"Entries": {
				"{{ModId}}.MonsterChicken": {
					"DisplayName": "{{i18n: Chicken.MonsterChicken.Name}}",
					"House": "Coop",
					"EggItemIds": ["{{ModId}}.MonsterEgg", "{{ModId}}.LargeMonsterEgg"],
					"IncubationTime": "{{Round: {{query: {{ResourceChickenIncubationTimeChoice}} * 1}}, 0, down }}",
					"BirthText": "{{i18n: Chicken.MonsterChicken.BirthText}}",
					"DaysToMature": "{{Round: {{query: {{ResourceChickenDaysToMatureChoice}} * 3}}, 0, down }}",
					"ProduceItemIds": [
						{
							"ItemId": "{{ModId}}.MonsterEgg"
						}
					],
					"DeluxeProduceItemIds": [
						{
							"ItemId": "{{ModId}}.LargeMonsterEgg"
						}
					],
					"DaysToProduce": "{{Round: {{query: {{ResourceChickenDaysToProduceChoice}} * 1}}, 0, up }}",
					"DeluxeProduceMinimumFriendship": "{{query: {{HeartsRequiredForLargeEggs}} * 200}}",
					"Sound": "cluck",
					"Texture": "{{ModId}}/MonsterChicken",
					"BabyTexture": "{{ModId}}/MonsterChickenBaby",
					"SleepFrame": 17,
					"UseDoubleUniqueAnimationFrames": true,
					"ProfessionForHappinessBoost": 2,
					"ProfessionForQualityBoost": 0,
					"CanSwim": "{{ChickensCanSwim}}",
					"HappinessDrain": 20,
					"SellPrice": "{{Round: {{query: {{ResourceChickenPriceChoice}} * 1.3}}, 0, up }}"
				}
			}
		},
		// Chicken Eggs
		{
			"Action": "EditData",
			"Target": "Data/Objects",
			"Entries": {
				"{{ModId}}.MonsterEgg": {
					"Name": "{{ModId}}.MonsterEgg",
					"DisplayName": "{{i18n: Egg.Monster.Name}}",
					"Description": "{{i18n: ResourceEgg.Description}}",
					"Type": "Basic",
					"Category": -5,
					"Price": "{{Round: {{query: {{ResourceEggSellPriceChoice}} * 1.3}}, 0, up }}",
					"Texture": "{{ModId}}/Eggs",
					"SpriteIndex": 34,
					"Edibility": 10,
					"ExcludeFromFishingCollection": true,
					"ExcludeFromShippingCollection": true,
					"ExcludeFromRandomSale": true,
					"ContextTags": ["resource_egg_item", "color_grey", "egg_item"]
				},
				"{{ModId}}.LargeMonsterEgg": {
					"Name": "{{ModId}}.LargeMonsterEgg",
					"DisplayName": "{{i18n: LargeEgg.Monster.Name}}",
					"Description": "{{i18n: ResourceEgg.Description}}",
					"Type": "Basic",
					"Category": -5,
					"Price": "{{Round: {{query: ({{ResourceEggSellPriceChoice}} * 1.3) * 1.9}}, 0, up }}",
					"Texture": "{{ModId}}/Eggs",
					"SpriteIndex": 35,
					"Edibility": 15,
					"ExcludeFromFishingCollection": true,
					"ExcludeFromShippingCollection": true,
					"ExcludeFromRandomSale": true,
					"ContextTags": ["large_resource_egg_item", "color_grey", "egg_item"]
				}
			}
		},
		// Adds Monster Egg for sale with Krobus
		{
			"Action": "EditData",
			"Target": "Data/Shops",
			"TargetField": ["ShadowShop", "Items"],
			"Entries": {
				"{{ModId}}.MonsterEggKrobus": {
					"Id": "{{ModId}}.MonsterEggKrobus",
					"ItemId": "{{ModId}}.MonsterEgg",
					"Condition": "PLAYER_HAS_MAIL Current {{ModId}}.MonsterEggMail.EggForSale Any",
					"Price": 5000,
					"AvailableStock": 1
				}
			},
			"MoveEntries": [
				{
					"Id": "{{ModId}}.MonsterEggKrobus",
					"BeforeId": "(BC)34"
				}
			]
		}
	]
}
