{
	"Changes": [
		// Moss Chicken
		{
			"Action": "EditData",
			"Target": "Data/FarmAnimals",
			"Entries": {
				"{{ModId}}.MossChicken": {
					"DisplayName": "{{i18n: Chicken.MossChicken.Name}}",
					"House": "Coop",
					"EggItemIds": ["{{ModId}}.MossEgg", "{{ModId}}.LargeMossEgg"],
					"IncubationTime": "{{Round: {{query: {{ResourceChickenIncubationTimeChoice}} * 1}}, 0, down }}",
					"BirthText": "{{i18n: Chicken.MossChicken.BirthText}}",
					"DaysToMature": "{{Round: {{query: {{ResourceChickenDaysToMatureChoice}} * 3}}, 0, down }}",
					"ProduceItemIds": [
						{
							"ItemId": "{{ModId}}.MossEgg"
						}
					],
					"DeluxeProduceItemIds": [
						{
							"ItemId": "{{ModId}}.LargeMossEgg"
						}
					],
					"DaysToProduce": "{{Round: {{query: {{ResourceChickenDaysToProduceChoice}} * 1}}, 0, up }}",
					"DeluxeProduceMinimumFriendship": "{{query: {{HeartsRequiredForLargeEggs}} * 200}}",
					"Sound": "cluck",
					"Texture": "{{ModId}}/MossChicken",
					"BabyTexture": "{{ModId}}/MossChickenBaby",
					"SleepFrame": 17,
					"UseDoubleUniqueAnimationFrames": true,
					"ProfessionForHappinessBoost": 2,
					"ProfessionForQualityBoost": 0,
					"CanSwim": "{{ChickensCanSwim}}",
					"HappinessDrain": 20,
					"SellPrice": "{{Round: {{query: {{ResourceChickenPriceChoice}} * 1.2}}, 0, up }}"
				}
			}
		},
		// Chicken Eggs
		{
			"Action": "EditData",
			"Target": "Data/Objects",
			"Entries": {
				"{{ModId}}.MossEgg": {
					"Name": "{{ModId}}.MossEgg",
					"DisplayName": "{{i18n: Egg.Moss.Name}}",
					"Description": "{{i18n: ResourceEgg.Description}}",
					"Type": "Basic",
					"Category": -5,
					"Price": "{{Round: {{query: {{ResourceEggSellPriceChoice}} * 1.2}}, 0, up }}",
					"Texture": "{{ModId}}/Eggs",
					"SpriteIndex": 18,
					"Edibility": 10,
					"ExcludeFromFishingCollection": true,
					"ExcludeFromShippingCollection": true,
					"ExcludeFromRandomSale": true,
					"ContextTags": ["resource_egg_item", "color_green", "egg_item"]
				},
				"{{ModId}}.LargeMossEgg": {
					"Name": "{{ModId}}.LargeMossEgg",
					"DisplayName": "{{i18n: LargeEgg.Moss.Name}}",
					"Description": "{{i18n: ResourceEgg.Description}}",
					"Type": "Basic",
					"Category": -5,
					"Price": "{{Round: {{query: ({{ResourceEggSellPriceChoice}} * 1.2) * 1.9}}, 0, up }}",
					"Texture": "{{ModId}}/Eggs",
					"SpriteIndex": 19,
					"Edibility": 15,
					"ExcludeFromFishingCollection": true,
					"ExcludeFromShippingCollection": true,
					"ExcludeFromRandomSale": true,
					"ContextTags": ["large_resource_egg_item", "color_green", "egg_item"]
				}
			}
		},
		// Spawn Condition
		{
			"Action": "EditData",
			"Target": "Data/WildTrees",
			"Fields": {
				"10": {
					"ChopItems": [
						{
							"Id": "{{ModId}}.MossEgg",
							"ItemId": "{{ModId}}.MossEgg",
							"MinSize": "Tree",
							"Chance": 0.15,
							"Condition": "PLAYER_FORAGING_LEVEL Current 3"
						}
					],
					"ShakeItems": [
						{
							"Id": "{{ModId}}.MossEgg",
							"ItemId": "{{ModId}}.MossEgg",
							"Chance": 0.15,
							"Condition": "PLAYER_FORAGING_LEVEL Current 3"
						}
					]
				},
				"11": {
					"ChopItems": [
						{
							"Id": "{{ModId}}.MossEgg",
							"ItemId": "{{ModId}}.MossEgg",
							"MinSize": "Tree",
							"Chance": 0.15,
							"Condition": "PLAYER_FORAGING_LEVEL Current 3"
						}
					],
					"ShakeItems": [
						{
							"Id": "{{ModId}}.MossEgg",
							"ItemId": "{{ModId}}.MossEgg",
							"Chance": 0.15,
							"Condition": "PLAYER_FORAGING_LEVEL Current 3"
						}
					]
				}
			}
		},
		// Hatta sprites
		{
			"Action": "EditImage",
			"Target": "{{ModId}}/MossChicken, {{ModId}}/MossChickenBaby",
			"FromFile": "assets/images/hattastyle/Hatta{{TargetWithoutPath}}.png",
			"When": {
				"ChickenAppearanceVersion": "HattaStyle"
			}
		},
		// Allow Skins Feature
		{
			"Action": "EditData",
			"Target": "Data/FarmAnimals",
			"Fields": {
				"{{ModId}}.MossChicken": {
					"Skins": [
						{
							"Id": "{{ModId}}.MossHattaStyle",
							"Texture": "{{ModId}}/HattaMossChicken",
							"BabyTexture": "{{ModId}}/HattaMossChickenBaby"
						}
					]
				}
			},
			"When": {
				"ChickenAppearanceVersion": "Both"
			}
		}
	]
}
