{
	"Changes": [
		// Radioactive Chicken
		{
			"Action": "EditData",
			"Target": "Data/FarmAnimals",
			"Entries": {
				"{{ModId}}.RadioactiveChicken": {
					"DisplayName": "{{i18n: Chicken.RadioactiveChicken.Name}}",
					"House": "Coop",
					"EggItemIds": ["{{ModId}}.RadioactiveEgg", "{{ModId}}.LargeRadioactiveEgg"],
					"IncubationTime": "{{Round: {{query: {{ResourceChickenIncubationTimeChoice}} * 1.15}}, 0, down }}",
					"BirthText": "{{i18n: Chicken.RadioactiveChicken.BirthText}}",
					"DaysToMature": "{{Round: {{query: {{ResourceChickenDaysToMatureChoice}} * 4}}, 0, down }}",
					"ProduceItemIds": [
						{
							"ItemId": "{{ModId}}.RadioactiveEgg"
						}
					],
					"DeluxeProduceItemIds": [
						{
							"ItemId": "{{ModId}}.LargeRadioactiveEgg"
						}
					],
					"DaysToProduce": "{{Round: {{query: {{ResourceChickenDaysToProduceChoice}} * 2}}, 0, up }}",
					"DeluxeProduceMinimumFriendship": "{{query: {{HeartsRequiredForLargeEggs}} * 200}}",
					"Sound": "cluck",
					"Texture": "{{ModId}}/RadioactiveChicken",
					"BabyTexture": "{{ModId}}/RadioactiveChickenBaby",
					"SleepFrame": 17,
					"UseDoubleUniqueAnimationFrames": true,
					"ProfessionForHappinessBoost": 2,
					"ProfessionForQualityBoost": 0,
					"CanSwim": "{{ChickensCanSwim}}",
					"HappinessDrain": 20,
					"SellPrice": "{{Round: {{query: {{ResourceChickenPriceChoice}} * 1.4}}, 0, up }}"
				}
			}
		},
		// Chicken Eggs
		{
			"Action": "EditData",
			"Target": "Data/Objects",
			"Entries": {
				"{{ModId}}.RadioactiveEgg": {
					"Name": "{{ModId}}.RadioactiveEgg",
					"DisplayName": "{{i18n: Egg.Radioactive.Name}}",
					"Description": "{{i18n: ResourceEgg.Description}}",
					"Type": "Basic",
					"Category": -5,
					"Price": "{{Round: {{query: {{ResourceEggSellPriceChoice}} * 1.4}}, 0, up }}",
					"Texture": "{{ModId}}/Eggs",
					"SpriteIndex": 44,
					"Edibility": 10,
					"ExcludeFromFishingCollection": true,
					"ExcludeFromShippingCollection": true,
					"ExcludeFromRandomSale": true,
					"ContextTags": ["resource_egg_item", "color_green", "egg_item"]
				},
				"{{ModId}}.LargeRadioactiveEgg": {
					"Name": "{{ModId}}.LargeRadioactiveEgg",
					"DisplayName": "{{i18n: LargeEgg.Radioactive.Name}}",
					"Description": "{{i18n: ResourceEgg.Description}}",
					"Type": "Basic",
					"Category": -5,
					"Price": "{{Round: {{query: ({{ResourceEggSellPriceChoice}} * 1.4) * 1.9}}, 0, up }}",
					"Texture": "{{ModId}}/Eggs",
					"SpriteIndex": 45,
					"Edibility": 15,
					"ExcludeFromFishingCollection": true,
					"ExcludeFromShippingCollection": true,
					"ExcludeFromRandomSale": true,
					"ContextTags": ["large_resource_egg_item", "color_green", "egg_item"]
				}
			}
		},
		// Hatta sprites
		{
			"Action": "EditImage",
			"Target": "{{ModId}}/RadioactiveChicken, {{ModId}}/RadioactiveChickenBaby",
			"FromFile": "assets/images/hattastyle/Hatta{{TargetWithoutPath}}.png",
			"When": {
				"ChickenAppearanceVersion": "HattaStyle"
			}
		},
		// Allow Skins Feature
		{
			"Action": "EditData",
			"Target": "Data/FarmAnimals",
			"Fields": {
				"{{ModId}}.RadioactiveChicken": {
					"Skins": [
						{
							"Id": "{{ModId}}.RadioactiveHattaStyle",
							"Texture": "{{ModId}}/HattaRadioactiveChicken",
							"BabyTexture": "{{ModId}}/HattaRadioactiveChickenBaby"
						}
					]
				}
			},
			"When": {
				"ChickenAppearanceVersion": "Both"
			}
		}
	]
}
