{
	"Changes": [
		{
			"Action": "EditImage",
			"Target": "Animals/Blue Chicken",
			"FromFile": "assets/images/hattastyle/BlueChicken.png",
			"When": {
				"VanillaChickensMatchHattaStyle": true
			}
		},
		{
			"Action": "EditImage",
			"Target": "Animals/BabyBlue Chicken",
			"FromFile": "assets/images/hattastyle/BlueChickenBaby.png",
			"When": {
				"VanillaChickensMatchHattaStyle": true
			}
		},
		{
			"Action": "EditImage",
			"Target": "Animals/Brown Chicken",
			"FromFile": "assets/images/hattastyle/BrownChicken.png",
			"When": {
				"VanillaChickensMatchHattaStyle": true
			}
		},
		{
			"Action": "EditImage",
			"Target": "Animals/BabyBrown Chicken",
			"FromFile": "assets/images/hattastyle/BrownChickenBaby.png",
			"When": {
				"VanillaChickensMatchHattaStyle": true
			}
		},
		{
			"Action": "EditImage",
			"Target": "Animals/Golden Chicken",
			"FromFile": "assets/images/hattastyle/GoldenChicken.png",
			"When": {
				"VanillaChickensMatchHattaStyle": true
			}
		},
		{
			"Action": "EditImage",
			"Target": "Animals/BabyGolden Chicken",
			"FromFile": "assets/images/hattastyle/GoldenChickenBaby.png",
			"When": {
				"VanillaChickensMatchHattaStyle": true
			}
		},
		{
			"Action": "EditImage",
			"Target": "Animals/Void Chicken",
			"FromFile": "assets/images/hattastyle/VoidChicken.png",
			"When": {
				"VanillaChickensMatchHattaStyle": true
			}
		},
		{
			"Action": "EditImage",
			"Target": "Animals/BabyVoid Chicken",
			"FromFile": "assets/images/hattastyle/VoidChickenBaby.png",
			"When": {
				"VanillaChickensMatchHattaStyle": true
			}
		},
		{
			"Action": "EditImage",
			"Target": "Animals/White Chicken",
			"FromFile": "assets/images/hattastyle/WhiteChicken.png",
			"When": {
				"VanillaChickensMatchHattaStyle": true
			}
		},
		{
			"Action": "EditImage",
			"Target": "Animals/BabyWhite Chicken",
			"FromFile": "assets/images/hattastyle/WhiteChickenBaby.png",
			"When": {
				"VanillaChickensMatchHattaStyle": true
			}
		}
	]
}
