{
	"Changes": [
		// Volcano Chicken
		{
			"Action": "EditData",
			"Target": "Data/FarmAnimals",
			"Entries": {
				"{{ModId}}.VolcanoChicken": {
					"DisplayName": "{{i18n: Chicken.VolcanoChicken.Name}}",
					"House": "Coop",
					"EggItemIds": ["{{ModId}}.VolcanoEgg", "{{ModId}}.LargeVolcanoEgg"],
					"IncubationTime": "{{Round: {{query: {{ResourceChickenIncubationTimeChoice}} * 1.15}}, 0, down }}",
					"BirthText": "{{i18n: Chicken.VolcanoChicken.BirthText}}",
					"DaysToMature": "{{Round: {{query: {{ResourceChickenDaysToMatureChoice}} * 4}}, 0, down }}",
					"ProduceItemIds": [
						{
							"ItemId": "{{ModId}}.VolcanoEgg"
						}
					],
					"DeluxeProduceItemIds": [
						{
							"ItemId": "{{ModId}}.LargeVolcanoEgg"
						}
					],
					"DaysToProduce": "{{Round: {{query: {{ResourceChickenDaysToProduceChoice}} * 2}}, 0, up }}",
					"DeluxeProduceMinimumFriendship": "{{query: {{HeartsRequiredForLargeEggs}} * 200}}",
					"Sound": "cluck",
					"Texture": "{{ModId}}/VolcanoChicken",
					"BabyTexture": "{{ModId}}/VolcanoChickenBaby",
					"SleepFrame": 17,
					"UseDoubleUniqueAnimationFrames": true,
					"ProfessionForHappinessBoost": 2,
					"ProfessionForQualityBoost": 0,
					"CanSwim": "{{ChickensCanSwim}}",
					"HappinessDrain": 20,
					"SellPrice": "{{Round: {{query: {{ResourceChickenPriceChoice}} * 1.4}}, 0, up }}"
				}
			}
		},
		// Chicken Eggs
		{
			"Action": "EditData",
			"Target": "Data/Objects",
			"Entries": {
				"{{ModId}}.VolcanoEgg": {
					"Name": "{{ModId}}.VolcanoEgg",
					"DisplayName": "{{i18n: Egg.Volcano.Name}}",
					"Description": "{{i18n: ResourceEgg.Description}}",
					"Type": "Basic",
					"Category": -5,
					"Price": "{{Round: {{query: {{ResourceEggSellPriceChoice}} * 1.4}}, 0, up }}",
					"Texture": "{{ModId}}/Eggs",
					"SpriteIndex": 42,
					"Edibility": 10,
					"ExcludeFromFishingCollection": true,
					"ExcludeFromShippingCollection": true,
					"ExcludeFromRandomSale": true,
					"ContextTags": ["resource_egg_item", "color_pink", "egg_item"]
				},
				"{{ModId}}.LargeVolcanoEgg": {
					"Name": "{{ModId}}.LargeVolcanoEgg",
					"DisplayName": "{{i18n: LargeEgg.Volcano.Name}}",
					"Description": "{{i18n: ResourceEgg.Description}}",
					"Type": "Basic",
					"Category": -5,
					"Price": "{{Round: {{query: ({{ResourceEggSellPriceChoice}} * 1.4) * 1.9}}, 0, up }}",
					"Texture": "{{ModId}}/Eggs",
					"SpriteIndex": 43,
					"Edibility": 15,
					"ExcludeFromFishingCollection": true,
					"ExcludeFromShippingCollection": true,
					"ExcludeFromRandomSale": true,
					"ContextTags": ["large_resource_egg_item", "color_pink", "egg_item"]
				}
			}
		},
		// Adds Volcano Egg for trade at Volcano Shop
		{
			"Action": "EditData",
			"Target": "Data/Shops",
			"TargetField": ["VolcanoShop", "Items"],
			"Entries": {
				"{{ModId}}.VolcanoEggVolcanoShop": {
					"Id": "{{ModId}}.VolcanoEggVolcanoShop",
					"ItemId": "{{ModId}}.VolcanoEgg",
					"Condition": "PLAYER_MINING_LEVEL Any 10",
					"AvailableStock": 1,
					"TradeItemId": "(O)848",
					"TradeItemAmount": 20
				}
			},
			"MoveEntries": [
				{
					"Id": "{{ModId}}.VolcanoEggVolcanoShop",
					"BeforeId": "(O)286"
				}
			]
		}
	]
}
