{
    "Format": "2.3.0",
    // Config
    "ConfigSchema": {
        // Appearance & Behaviour
        "ChickenAppearanceVersion": {
            "AllowValues": "VanillaStyle, HattaStyle, Both",
            "Default": "VanillaStyle",
            "Section": "AppearanceBehaviour"
        },
        "VanillaChickensMatchHattaStyle": {
            "AllowValues": "true, false",
            "Default": "false",
            "Section": "AppearanceBehaviour"
        },
        "ObjectAppearanceVersion": {
            "AllowValues": "VanillaStyle, HattaStyle",
            "Default": "VanillaStyle",
            "Section": "AppearanceBehaviour"
        },
        "ChickensCanSwim": {
            "AllowValues": "true, false",
            "Default": "false",
            "Section": "AppearanceBehaviour"
        },
        "GiantCoopKeepsDeluxeDesign": {
            "AllowValues": "true, false",
            "Default": "false",
            "Section": "AppearanceBehaviour"
        },
        // Difficulty Scaling
        "Level1ChickenRequiredBuilding": {
            "AllowValues": "Coop, Big Coop, Deluxe Coop",
            "Default": "Coop",
            "Section": "DifficultyScaling"
        },
        "HeartsRequiredForLargeEggs": {
            "AllowValues": "1, 2, 3, 4, 5",
            "Default": "2",
            "Section": "DifficultyScaling"
        },
        "ResourceEggConversionAmount": {
            "AllowValues": "0.5x, Default, 2x, 4x",
            "Default": "Default",
            "Section": "DifficultyScaling"
        },
        "ResourceEggSellPrice": {
            "AllowValues": "Default, 2x, 4x",
            "Default": "Default",
            "Section": "DifficultyScaling"
        },
        "ResourceChickenPrice": {
            "AllowValues": "0.5x, Default, 2x",
            "Default": "Default",
            "Section": "DifficultyScaling"
        },
        "ResourceChickenIncubationTime": {
            "AllowValues": "0.5x, Default, 2x",
            "Default": "Default",
            "Section": "DifficultyScaling"
        },
        "ResourceChickenDaysToMature": {
            "AllowValues": "0.5x, Default, 2x",
            "Default": "Default",
            "Section": "DifficultyScaling"
        },
        "ResourceChickenDaysToProduce": {
            "AllowValues": "0.5x, Default, 2x",
            "Default": "Default",
            "Section": "DifficultyScaling"
        },
        // Machine Tweaks
        "ResourceEggProcessingTime": {
            "Default": "180",
            "Section": "MachineTweaks"
        },
        "ConverterPurchasePrice": {
            "Default": "1000",
            "Section": "MachineTweaks"
        },
        "MayoMinutesUntilReady": {
            "Default": "180",
            "Section": "MachineTweaks"
        }
    },
    // Dynamic Tokens
    "DynamicTokens": [
        // Conversion Amount Choice
        {
            "Name": "ResourceEggConversionChoice",
            "Value": "0.5",
            "When": {
                "ResourceEggConversionAmount": "0.5x"
            }
        },
        {
            "Name": "ResourceEggConversionChoice",
            "Value": "1",
            "When": {
                "ResourceEggConversionAmount": "Default"
            }
        },
        {
            "Name": "ResourceEggConversionChoice",
            "Value": "2",
            "When": {
                "ResourceEggConversionAmount": "2x"
            }
        },
        {
            "Name": "ResourceEggConversionChoice",
            "Value": "4",
            "When": {
                "ResourceEggConversionAmount": "4x"
            }
        },
        // Egg Sell Price
        {
            "Name": "ResourceEggSellPriceChoice",
            "Value": "50",
            "When": {
                "ResourceEggSellPrice": "Default"
            }
        },
        {
            "Name": "ResourceEggSellPriceChoice",
            "Value": "100",
            "When": {
                "ResourceEggSellPrice": "2x"
            }
        },
        {
            "Name": "ResourceEggSellPriceChoice",
            "Value": "200",
            "When": {
                "ResourceEggSellPrice": "4x"
            }
        },
        // Resource Chicken Incubation Time
        {
            "Name": "ResourceChickenIncubationTimeChoice",
            "Value": "4500",
            "When": {
                "ResourceChickenIncubationTime": "0.5x"
            }
        },
        {
            "Name": "ResourceChickenIncubationTimeChoice",
            "Value": "9000",
            "When": {
                "ResourceChickenIncubationTime": "Default"
            }
        },
        {
            "Name": "ResourceChickenIncubationTimeChoice",
            "Value": "18000",
            "When": {
                "ResourceChickenIncubationTime": "2x"
            }
        },
        // Resource Chicken Incubation Time
        {
            "Name": "ResourceChickenPriceChoice",
            "Value": "800",
            "When": {
                "ResourceChickenPrice": "0.5x"
            }
        },
        {
            "Name": "ResourceChickenPriceChoice",
            "Value": "1600",
            "When": {
                "ResourceChickenPrice": "Default"
            }
        },
        {
            "Name": "ResourceChickenPriceChoice",
            "Value": "3200",
            "When": {
                "ResourceChickenPrice": "2x"
            }
        },
        // Chickens Days to Produce
        {
            "Name": "ResourceChickenDaysToProduceChoice",
            "Value": "0.5",
            "When": {
                "ResourceChickenDaysToProduce": "0.5x"
            }
        },
        {
            "Name": "ResourceChickenDaysToProduceChoice",
            "Value": "1",
            "When": {
                "ResourceChickenDaysToProduce": "Default"
            }
        },
        {
            "Name": "ResourceChickenDaysToProduceChoice",
            "Value": "2",
            "When": {
                "ResourceChickenDaysToProduce": "2x"
            }
        },
        // Chickens Days to Mature
        {
            "Name": "ResourceChickenDaysToMatureChoice",
            "Value": "0.5",
            "When": {
                "ResourceChickenDaysToMature": "0.5x"
            }
        },
        {
            "Name": "ResourceChickenDaysToMatureChoice",
            "Value": "1",
            "When": {
                "ResourceChickenDaysToMature": "Default"
            }
        },
        {
            "Name": "ResourceChickenDaysToMatureChoice",
            "Value": "2",
            "When": {
                "ResourceChickenDaysToMature": "2x"
            }
        }
    ],
    // Changes
    "Changes": [
        // Objects
        {
            "Action": "Load",
            "Target": "{{ModId}}/Eggs, {{ModId}}/ResourceEggConverter, {{ModId}}/Items, {{ModId}}/FusionChambers",
            "FromFile": "assets/images/objects/{{TargetWithoutPath}}.png"
        },
        {
            "Action": "EditImage",
            "Target": "{{ModId}}/ResourceEggConverter",
            "FromFile": "assets/images/objects/ResourceEggConverterHattaStyle.png",
            "When": {
                "ObjectAppearanceVersion": "HattaStyle"
            }
        },
        {
            "Action": "EditImage",
            "Target": "{{ModId}}/FusionChambers",
            "FromFile": "assets/images/objects/FusionChambersHattaStyle.png",
            "When": {
                "ObjectAppearanceVersion": "HattaStyle"
            }
        },
        // Buildings
        {
            "Action": "Load",
            "Target": "{{ModId}}/GiantCoop, {{ModId}}/GiantCoop_PaintMask",
            "FromFile": "assets/images/buildings/{{TargetWithoutPath}}.png"
        },
        // Maps
        {
            "Action": "Load",
            "Target": "Maps/{{ModId}}.Coop4",
            "FromFile": "assets/maps/Coop4.tmx"
        },
        // Shop Textures
        {
            "Action": "Load",
            "Target": "{{ModId}}/ClayShopTexture, {{ModId}}/CoalShopTexture, {{ModId}}/StoneShopTexture, {{ModId}}/WoodShopTexture",
            "FromFile": "assets/images/shops/{{TargetWithoutPath}}.png"
        },
        // Aquatic Chicken - Vanilla
        {
            "Action": "Load",
            "Target": "{{ModId}}/AquaticChicken, {{ModId}}/AquaticChickenBaby",
            "FromFile": "assets/images/chickens/{{TargetWithoutPath}}.png"
        },
        // Aquatic Chicken - Hatta
        {
            "Action": "Load",
            "Target": "{{ModId}}/HattaAquaticChicken, {{ModId}}/HattaAquaticChickenBaby",
            "FromFile": "assets/images/hattastyle/{{TargetWithoutPath}}.png"
        },
        // Artifact Chicken
        {
            "Action": "Load",
            "Target": "{{ModId}}/ArtifactChicken, {{ModId}}/ArtifactChickenBaby",
            "FromFile": "assets/images/chickens/{{TargetWithoutPath}}.png"
        },
        // Bait Chicken - Vanilla
        {
            "Action": "Load",
            "Target": "{{ModId}}/BaitChicken, {{ModId}}/BaitChickenBaby",
            "FromFile": "assets/images/chickens/{{TargetWithoutPath}}.png"
        },
        // Bait Chicken - Hatta
        {
            "Action": "Load",
            "Target": "{{ModId}}/HattaBaitChicken, {{ModId}}/HattaBaitChickenBaby",
            "FromFile": "assets/images/hattastyle/{{TargetWithoutPath}}.png"
        },
        // Battery Chicken
        {
            "Action": "Load",
            "Target": "{{ModId}}/BatteryChicken, {{ModId}}/BatteryChickenBaby",
            "FromFile": "assets/images/chickens/{{TargetWithoutPath}}.png"
        },
        // Bomb Chicken - Vanilla
        {
            "Action": "Load",
            "Target": "{{ModId}}/BombChicken, {{ModId}}/BombChickenBaby",
            "FromFile": "assets/images/chickens/{{TargetWithoutPath}}.png"
        },
        // Bomb Chicken - Hatta
        {
            "Action": "Load",
            "Target": "{{ModId}}/HattaBombChicken, {{ModId}}/HattaBombChickenBaby",
            "FromFile": "assets/images/hattastyle/{{TargetWithoutPath}}.png"
        },
        // Bone Chicken - Vanilla
        {
            "Action": "Load",
            "Target": "{{ModId}}/BoneChicken, {{ModId}}/BoneChickenBaby",
            "FromFile": "assets/images/chickens/{{TargetWithoutPath}}.png"
        },
        // Bone Chicken - Hatta
        {
            "Action": "Load",
            "Target": "{{ModId}}/HattaBoneChicken, {{ModId}}/HattaBoneChickenBaby",
            "FromFile": "assets/images/hattastyle/{{TargetWithoutPath}}.png"
        },
        // Clay Chicken - Vanilla
        {
            "Action": "Load",
            "Target": "{{ModId}}/ClayChicken, {{ModId}}/ClayChickenBaby",
            "FromFile": "assets/images/chickens/{{TargetWithoutPath}}.png"
        },
        // Clay Chicken - Hatta
        {
            "Action": "Load",
            "Target": "{{ModId}}/HattaClayChicken, {{ModId}}/HattaClayChickenBaby",
            "FromFile": "assets/images/hattastyle/{{TargetWithoutPath}}.png"
        },
        // Coal Chicken - Vanilla
        {
            "Action": "Load",
            "Target": "{{ModId}}/CoalChicken, {{ModId}}/CoalChickenBaby",
            "FromFile": "assets/images/chickens/{{TargetWithoutPath}}.png"
        },
        // Coal Chicken - Hatta
        {
            "Action": "Load",
            "Target": "{{ModId}}/HattaCoalChicken, {{ModId}}/HattaCoalChickenBaby",
            "FromFile": "assets/images/hattastyle/{{TargetWithoutPath}}.png"
        },
        // Copper Chicken - Vanilla
        {
            "Action": "Load",
            "Target": "{{ModId}}/CopperChicken, {{ModId}}/CopperChickenBaby",
            "FromFile": "assets/images/chickens/{{TargetWithoutPath}}.png"
        },
        // Copper Chicken - Hatta
        {
            "Action": "Load",
            "Target": "{{ModId}}/HattaCopperChicken, {{ModId}}/HattaCopperChickenBaby",
            "FromFile": "assets/images/hattastyle/{{TargetWithoutPath}}.png"
        },
        // Farmer Chicken
        {
            "Action": "Load",
            "Target": "{{ModId}}/FarmerChicken, {{ModId}}/FarmerChickenBaby",
            "FromFile": "assets/images/chickens/{{TargetWithoutPath}}.png"
        },
        // Fiber Chicken - Vanilla
        {
            "Action": "Load",
            "Target": "{{ModId}}/FiberChicken, {{ModId}}/FiberChickenBaby",
            "FromFile": "assets/images/chickens/{{TargetWithoutPath}}.png"
        },
        // Fiber Chicken - Hatta
        {
            "Action": "Load",
            "Target": "{{ModId}}/HattaFiberChicken, {{ModId}}/HattaFiberChickenBaby",
            "FromFile": "assets/images/hattastyle/{{TargetWithoutPath}}.png"
        },
        // Geode Chicken - Vanilla
        {
            "Action": "Load",
            "Target": "{{ModId}}/GeodeChicken, {{ModId}}/GeodeChickenBaby",
            "FromFile": "assets/images/chickens/{{TargetWithoutPath}}.png"
        },
        // Geode Chicken - Hatta
        {
            "Action": "Load",
            "Target": "{{ModId}}/HattaGeodeChicken, {{ModId}}/HattaGeodeChickenBaby",
            "FromFile": "assets/images/hattastyle/{{TargetWithoutPath}}.png"
        },
        // Gold Chicken - Vanilla
        {
            "Action": "Load",
            "Target": "{{ModId}}/GoldChicken, {{ModId}}/GoldChickenBaby",
            "FromFile": "assets/images/chickens/{{TargetWithoutPath}}.png"
        },
        // Gold Chicken - Hatta
        {
            "Action": "Load",
            "Target": "{{ModId}}/HattaGoldChicken, {{ModId}}/HattaGoldChickenBaby",
            "FromFile": "assets/images/hattastyle/{{TargetWithoutPath}}.png"
        },
        // Hardwood Chicken - Vanilla
        {
            "Action": "Load",
            "Target": "{{ModId}}/HardwoodChicken, {{ModId}}/HardwoodChickenBaby",
            "FromFile": "assets/images/chickens/{{TargetWithoutPath}}.png"
        },
        // Hardwood Chicken - Hatta
        {
            "Action": "Load",
            "Target": "{{ModId}}/HattaHardwoodChicken, {{ModId}}/HattaHardwoodChickenBaby",
            "FromFile": "assets/images/hattastyle/{{TargetWithoutPath}}.png"
        },
        // Hay Chicken - Vanilla
        {
            "Action": "Load",
            "Target": "{{ModId}}/HayChicken, {{ModId}}/HayChickenBaby",
            "FromFile": "assets/images/chickens/{{TargetWithoutPath}}.png"
        },
        // Iridium Chicken - Vanilla
        {
            "Action": "Load",
            "Target": "{{ModId}}/IridiumChicken, {{ModId}}/IridiumChickenBaby",
            "FromFile": "assets/images/chickens/{{TargetWithoutPath}}.png"
        },
        // Iridium Chicken - Hatta
        {
            "Action": "Load",
            "Target": "{{ModId}}/HattaIridiumChicken, {{ModId}}/HattaIridiumChickenBaby",
            "FromFile": "assets/images/hattastyle/{{TargetWithoutPath}}.png"
        },
        // Iron Chicken - Vanilla
        {
            "Action": "Load",
            "Target": "{{ModId}}/IronChicken, {{ModId}}/IronChickenBaby",
            "FromFile": "assets/images/chickens/{{TargetWithoutPath}}.png"
        },
        // Iron Chicken - Hatta
        {
            "Action": "Load",
            "Target": "{{ModId}}/HattaIronChicken, {{ModId}}/HattaIronChickenBaby",
            "FromFile": "assets/images/hattastyle/{{TargetWithoutPath}}.png"
        },
        // Librarian Chicken
        {
            "Action": "Load",
            "Target": "{{ModId}}/LibrarianChicken, {{ModId}}/LibrarianChickenBaby",
            "FromFile": "assets/images/chickens/{{TargetWithoutPath}}.png"
        },
        // Monster Chicken
        {
            "Action": "Load",
            "Target": "{{ModId}}/MonsterChicken, {{ModId}}/MonsterChickenBaby",
            "FromFile": "assets/images/chickens/{{TargetWithoutPath}}.png"
        },
        // Moss Chicken - Vanilla
        {
            "Action": "Load",
            "Target": "{{ModId}}/MossChicken, {{ModId}}/MossChickenBaby",
            "FromFile": "assets/images/chickens/{{TargetWithoutPath}}.png"
        },
        // Moss Chicken - Hatta
        {
            "Action": "Load",
            "Target": "{{ModId}}/HattaMossChicken, {{ModId}}/HattaMossChickenBaby",
            "FromFile": "assets/images/hattastyle/{{TargetWithoutPath}}.png"
        },
        // Qi Chicken
        {
            "Action": "Load",
            "Target": "{{ModId}}/QiChicken, {{ModId}}/QiChickenBaby",
            "FromFile": "assets/images/chickens/{{TargetWithoutPath}}.png"
        },
        // Quartz Chicken - Vanilla
        {
            "Action": "Load",
            "Target": "{{ModId}}/QuartzChicken, {{ModId}}/QuartzChickenBaby",
            "FromFile": "assets/images/chickens/{{TargetWithoutPath}}.png"
        },
        // Quartz Chicken - Hatta
        {
            "Action": "Load",
            "Target": "{{ModId}}/HattaQuartzChicken, {{ModId}}/HattaQuartzChickenBaby",
            "FromFile": "assets/images/hattastyle/{{TargetWithoutPath}}.png"
        },
        // Radioactive Chicken - Vanilla
        {
            "Action": "Load",
            "Target": "{{ModId}}/RadioactiveChicken, {{ModId}}/RadioactiveChickenBaby",
            "FromFile": "assets/images/chickens/{{TargetWithoutPath}}.png"
        },
        // Radioactive Chicken - Hatta
        {
            "Action": "Load",
            "Target": "{{ModId}}/HattaRadioactiveChicken, {{ModId}}/HattaRadioactiveChickenBaby",
            "FromFile": "assets/images/hattastyle/{{TargetWithoutPath}}.png"
        },
        // Sap Chicken - Vanilla
        {
            "Action": "Load",
            "Target": "{{ModId}}/SapChicken, {{ModId}}/SapChickenBaby",
            "FromFile": "assets/images/chickens/{{TargetWithoutPath}}.png"
        },
        // Sap Chicken - Hatta
        {
            "Action": "Load",
            "Target": "{{ModId}}/HattaSapChicken, {{ModId}}/HattaSapChickenBaby",
            "FromFile": "assets/images/hattastyle/{{TargetWithoutPath}}.png"
        },
        // Sapling Chicken
        {
            "Action": "Load",
            "Target": "{{ModId}}/SaplingChicken, {{ModId}}/SaplingChickenBaby",
            "FromFile": "assets/images/chickens/{{TargetWithoutPath}}.png"
        },
        // Stone Chicken - Vanilla
        {
            "Action": "Load",
            "Target": "{{ModId}}/StoneChicken, {{ModId}}/StoneChickenBaby",
            "FromFile": "assets/images/chickens/{{TargetWithoutPath}}.png"
        },
        // Stone Chicken - Hatta
        {
            "Action": "Load",
            "Target": "{{ModId}}/HattaStoneChicken, {{ModId}}/HattaStoneChickenBaby",
            "FromFile": "assets/images/hattastyle/{{TargetWithoutPath}}.png"
        },
        // Tapper Chicken
        {
            "Action": "Load",
            "Target": "{{ModId}}/TapperChicken, {{ModId}}/TapperChickenBaby",
            "FromFile": "assets/images/chickens/{{TargetWithoutPath}}.png"
        },
        // Volcano Chicken
        {
            "Action": "Load",
            "Target": "{{ModId}}/VolcanoChicken, {{ModId}}/VolcanoChickenBaby",
            "FromFile": "assets/images/chickens/{{TargetWithoutPath}}.png"
        },
        // Wood Chicken - Vanilla
        {
            "Action": "Load",
            "Target": "{{ModId}}/WoodChicken, {{ModId}}/WoodChickenBaby",
            "FromFile": "assets/images/chickens/{{TargetWithoutPath}}.png"
        },
        // Wood Chicken - Hatta
        {
            "Action": "Load",
            "Target": "{{ModId}}/HattaWoodChicken, {{ModId}}/HattaWoodChickenBaby",
            "FromFile": "assets/images/hattastyle/{{TargetWithoutPath}}.png"
        },
        // Include Chickens
        // Level 1
        {
            "Action": "Include",
            "FromFile": "assets/chickens/clay.json, assets/chickens/coal.json, assets/chickens/stone.json, assets/chickens/wood.json"
        },
        // Level 2
        {
            "Action": "Include",
            "FromFile": "assets/chickens/bait.json, assets/chickens/copper.json, assets/chickens/fiber.json, assets/chickens/hardwood.json, assets/chickens/hay.json, assets/chickens/sap.json"
        },
        // Level 3
        {
            "Action": "Include",
            "FromFile": "assets/chickens/aquatic.json, assets/chickens/iron.json, assets/chickens/farmer.json, assets/chickens/geode.json, assets/chickens/librarian.json, assets/chickens/moss.json, assets/chickens/quartz.json"
        },
        // Level 4
        {
            "Action": "Include",
            "FromFile": "assets/chickens/battery.json, assets/chickens/bomb.json, assets/chickens/bone.json, assets/chickens/gold.json, assets/chickens/monster.json, assets/chickens/tapper.json"
        },
        // Level 5
        {
            "Action": "Include",
            "FromFile": "assets/chickens/artifact.json, assets/chickens/iridium.json, assets/chickens/qi.json, assets/chickens/radioactive.json, assets/chickens/sapling.json, assets/chickens/volcano.json"
        },
        // Quests & Special Orders
        {
            "Action": "Include",
            "FromFile": "assets/data/specialorders.json, assets/data/specialorderstrings.json, assets/data/quests.json"
        },
        // Mail & Trigger Actions
        {
            "Action": "Include",
            "FromFile": "assets/data/mail.json, assets/data/triggeractions.json"
        },
        // Everything else
        {
            "Action": "Include",
            "FromFile": "assets/data/buildings.json, assets/data/craftingrecipes.json, assets/data/customnodes.json, assets/data/machines.json, assets/chickens/vanilla.json"
        }
    ]
}
