{
	"Changes": [
		{
			"Action": "EditData",
			"Target": "Data/Buildings",
			"Entries": {
				"{{ModId}}.GiantCoop": {
					"Name": "{{i18n: GiantCoop.Building.Name}}",
					"Description": "{{i18n: GiantCoop.Building.Description}}",
					"Texture": "{{ModId}}/GiantCoop",
					"SourceRect": {
						"X": 0,
						"Y": 0,
						"Width": 96,
						"Height": 112
					},
					"Builder": "Robin",
					"BuildCost": 50000,
					"BuildMaterials": [
						{
							"ItemId": "(O)388",
							"Amount": 600
						},
						{
							"ItemId": "(O)390",
							"Amount": 250
						},
						{
							"ItemId": "(O)709",
							"Amount": 100
						}
					],
					"BuildDays": 2,
					"BuildingToUpgrade": "Deluxe Coop",
					"UpgradeSignTile": "2, 2",
					"UpgradeSignHeight": 18.0,
					"Size": {
						"X": 6,
						"Y": 3
					},
					"HumanDoor": {
						"X": 1,
						"Y": 2
					},
					"AnimalDoor": {
						"X": 2,
						"Y": 2,
						"Width": 1,
						"Height": 1
					},
					"AnimalDoorOpenDuration": 0.3125,
					"AnimalDoorOpenSound": "doorCreak",
					"AnimalDoorCloseDuration": 0.3125,
					"AnimalDoorCloseSound": "doorCreakReverse",
					"IndoorItemMoves": [
						{
							"Id": "MoveRightWall",
							"Source": {
								"X": 21,
								"Y": 7
							},
							"Destination": {
								"X": 33,
								"Y": 13
							},
							"Size": {
								"X": 1,
								"Y": 2
							}
						},
						{
							"Id": "MoveBottomWall",
							"Source": {
								"X": 3,
								"Y": 8
							},
							"Destination": {
								"X": 3,
								"Y": 14
							},
							"Size": {
								"X": 19,
								"Y": 1
							}
						}
					],
					"IndoorItems": [
						{
							"Id": "Second_Incubator",
							"ItemId": "(BC)101",
							"Tile": {
								"X": 1,
								"Y": 11
							},
							"Indestructible": false
						}
					],
					"IndoorMap": "{{ModId}}.Coop4",
					"IndoorMapType": "StardewValley.AnimalHouse",
					"MaxOccupants": 24,
					"ValidOccupantTypes": ["Coop"],
					"HayCapacity": 0,
					"DrawLayers": [
						{
							"Id": "Default_AnimalDoor",
							"SourceRect": {
								"X": 0,
								"Y": 112,
								"Width": 16,
								"Height": 16
							},
							"DrawPosition": "32, 96",
							"DrawInBackground": false,
							"SortTileOffset": 0.02,
							"OnlyDrawIfChestHasContents": null,
							"FrameDuration": 90,
							"FrameCount": 1,
							"FramesPerRow": -1,
							"AnimalDoorOffset": {
								"X": 0,
								"Y": -13
							}
						},
						{
							"Id": "Default_AnimalDoor_Open",
							"SourceRect": {
								"X": 16,
								"Y": 112,
								"Width": 16,
								"Height": 16
							},
							"DrawPosition": "32, 96",
							"DrawInBackground": false,
							"SortTileOffset": 1.0,
							"OnlyDrawIfChestHasContents": null,
							"FrameDuration": 90,
							"FrameCount": 1,
							"FramesPerRow": -1,
							"AnimalDoorOffset": {
								"X": 0,
								"Y": 0
							}
						}
					]
				}
			}
		},
		{
			"Action": "EditData",
			"Target": "Data/PaintData",
			"Entries": {
				"{{ModId}}.GiantCoop": "Building/-15 0/Roof/-10 5/Trim/-10 5"
			}
		},
		// Maintain Deluxe Coop Appearance
		{
			"Action": "EditData",
			"Target": "Data/Buildings",
			"Fields": {
				"{{ModId}}.GiantCoop": {
					"Texture": "Buildings\\Deluxe Coop"
				}
			},
			"When": {
				"GiantCoopKeepsDeluxeDesign": true
			}
		},
		{
			"Action": "EditData",
			"Target": "Data/PaintData",
			"Entries": {
				"{{ModId}}.GiantCoop": "Building/-25 0/Roof/-15 5/Trim/-25 0"
			},
			"When": {
				"GiantCoopKeepsDeluxeDesign": true
			}
		}
	]
}
