{
	"Changes": [
		{
			"Action": "EditData",
			"Target": "Mods/mistyspring.ItemExtensions/Resources",
			"Entries": {
				// Custom Weed for Fiber Egg
				"{{ModId}}.WeedFiberEgg": {
					"Type": "Weeds",
					"Texture": "{{ModId}}/Items",
					"SpriteIndex": 8,
					"Width": 1,
					"Height": 1,
					"Health": 1,
					"Tool": "AnyExceptWateringCan",
					"ItemDropped": "{{ModId}}.FiberEgg",
					"MinDrops": 1,
					"MaxDrops": 1,
					"Debris": "weeds",
					"Sound": null,
					"BreakingSound": "cut",
					"CountTowards": "Weeds",
					"MineSpawns": [
						{
							"Floors": "11/29, 121/-999",
							"Type": "Normal",
							"Condition": "PLAYER_FORAGING_LEVEL Current 2",
							"SpawnFrequency": 0.001
						}
					]
				},
				// Custom Weed for Moss Egg
				"{{ModId}}.WeedMossEgg": {
					"Type": "Weeds",
					"Texture": "{{ModId}}/Items",
					"SpriteIndex": 12,
					"Width": 1,
					"Height": 1,
					"Health": 1,
					"Tool": "AnyExceptWateringCan",
					"ItemDropped": "{{ModId}}.MossEgg",
					"MinDrops": 1,
					"MaxDrops": 1,
					"Debris": "weeds",
					"Sound": null,
					"BreakingSound": "cut",
					"CountTowards": "Weeds"
				},
				// Custom Geode Egg Stone
				"{{ModId}}.GeodeStoneEgg": {
					"Type": "Stone",
					"Texture": "{{ModId}}/Items",
					"SpriteIndex": 1,
					"Width": 1,
					"Height": 1,
					"Health": 6,
					"Tool": "Pickaxe",
					"ItemDropped": "{{ModId}}.GeodeEgg",
					"MinDrops": 1,
					"MaxDrops": 1,
					"Debris": "stone",
					"Sound": "hammer",
					"BreakingSound": "stoneCrack",
					"MineSpawns": [
						{
							"Floors": "1/-999",
							"Type": "Normal",
							"Condition": "PLAYER_MINING_LEVEL Current 3",
							"SpawnFrequency": 0.0015
						}
					]
				},
				// Fossil Stone - Bone Egg
				"{{ModId}}.FossilStoneBoneEgg": {
					"Type": "Stone",
					"Texture": "{{ModId}}/Items",
					"SpriteIndex": 0,
					"Width": 1,
					"Height": 1,
					"Health": 9,
					"Tool": "Pickaxe",
					"ItemDropped": "{{ModId}}.BoneEgg",
					"MinDrops": 1,
					"MaxDrops": 1,
					"Debris": "stone",
					"Sound": "hammer",
					"BreakingSound": "stoneCrack",
					"MineSpawns": [
						{
							"Floors": "121/-999",
							"Type": "Normal",
							"Condition": "PLAYER_FORAGING_LEVEL Current 4",
							"SpawnFrequency": 0.001
						}
					]
				},
				// Barrel - Bone Egg
				"{{ModId}}.MineBarrelBoneEgg": {
					"DisplayName": "Bone Egg Barrel",
					"Texture": "{{ModId}}/Items",
					"SpriteIndex": 9,
					"Width": 1,
					"Height": 2,
					"Health": 3,
					"Tool": "AnyExceptWateringCan",
					"ItemDropped": "{{ModId}}.BoneEgg",
					"MinDrops": 1,
					"MaxDrops": 1,
					"Debris": "wood",
					"Sound": "woodWhack",
					"BreakingSound": "barrelBreak",
					"MineSpawns": [
						{
							"Floors": "1/10",
							"Type": "Normal",
							"Condition": "PLAYER_FORAGING_LEVEL Current 4",
							"SpawnFrequency": 0.1
						}
					]
				},
				// Quarry - Monster Nest Node
				"{{ModId}}.QuarryMineMonsterEgg": {
					"DisplayName": "Monster Egg Node",
					"Type": "Stone",
					"Texture": "{{ModId}}/Items",
					"SpriteIndex": 2,
					"Width": 1,
					"Height": 1,
					"Health": 12,
					"Tool": "Pickaxe",
					"ItemDropped": "{{ModId}}.MonsterEgg",
					"MinDrops": 1,
					"MaxDrops": 1,
					"Debris": "stone",
					"Sound": "hammer",
					"BreakingSound": "stoneCrack",
					"MineSpawns": [
						{
							"Floors": "77377",
							"Type": "All",
							"Condition": "PLAYER_COMBAT_LEVEL Current 5",
							"SpawnFrequency": 0.003
						}
					]
				},
				// Barrel - Bomb Egg
				"{{ModId}}.SkullCavernBarrelBombEgg": {
					"DisplayName": "Bomb Egg Barrel",
					"Texture": "{{ModId}}/Items",
					"SpriteIndex": 10,
					"Width": 1,
					"Height": 2,
					"Health": 3,
					"Tool": "AnyExceptWateringCan",
					"ItemDropped": "{{ModId}}.BombEgg",
					"MinDrops": 1,
					"MaxDrops": 1,
					"Debris": "wood",
					"Sound": "woodWhack",
					"BreakingSound": "barrelBreak",
					"MineSpawns": [
						{
							"Floors": "121/-999",
							"Type": "Normal",
							"Condition": "PLAYER_MINING_LEVEL Current 4",
							"SpawnFrequency": 0.2
						}
					]
				},
				// Volcano Mine - Volcano Egg Node
				"{{ModId}}.VolcanoMineVolcanoEgg": {
					"DisplayName": "Volcano Egg Node",
					"Type": "Stone",
					"Texture": "{{ModId}}/Items",
					"SpriteIndex": 3,
					"Width": 1,
					"Height": 1,
					"Health": 12,
					"Tool": "Pickaxe",
					"ItemDropped": "{{ModId}}.VolcanoEgg",
					"MinDrops": 1,
					"MaxDrops": 1,
					"Debris": "stone",
					"Sound": "hammer",
					"BreakingSound": "stoneCrack",
					"MineSpawns": [
						{
							"Floors": "2/9",
							"Type": "Volcano",
							"Condition": "PLAYER_MINING_LEVEL Current 8, !LOCATION_IS_MINES Here",
							"SpawnFrequency": 0.003
						}
					]
				},
				// Dangerous Mines - Radioactive Egg Node
				"{{ModId}}.DangerousMineRadioactiveEgg": {
					"DisplayName": "Radioactive Egg Node",
					"Type": "Stone",
					"Texture": "{{ModId}}/Items",
					"SpriteIndex": 4,
					"Width": 1,
					"Height": 1,
					"Health": 24,
					"Tool": "Pickaxe",
					"ItemDropped": "{{ModId}}.RadioactiveEgg",
					"MinDrops": 1,
					"MaxDrops": 1,
					"Debris": "stone",
					"Sound": "hammer",
					"BreakingSound": "stoneCrack",
					"MineSpawns": [
						{
							"Floors": "1/-999",
							"Type": "Qi",
							"Condition": "PLAYER_COMBAT_LEVEL Current 10",
							"SpawnFrequency": 0.005
						}
					]
				}
			}
		}
	]
}
