{
    "Changes": [
        {
            "Action": "EditData",
            "Target": "Data/TriggerActions",
            "Entries": {
                "{{ModId}}.FarmerEggQuest.Start": {
                    "Id": "{{ModId}}.FarmerEggQuest.Start",
                    "Trigger": "DayStarted",
                    "Condition": "PLAYER_FARMING_LEVEL Current 4, PLAYER_HEARTS Current Marnie 3",
                    "Action": "AddMail Current {{ModId}}.FarmerEggMail.QuestStart now"
                },
                "{{ModId}}.FarmerEggQuest.EggForSale": {
                    "Id": "{{ModId}}.FarmerEggQuest.EggForSale",
                    "Trigger": "DayStarted",
                    "Condition": "PLAYER_HAS_ITEM Current {{ModId}}.FarmerEgg 1",
                    "Action": "AddMail Current {{ModId}}.FarmerEggMail.EggForSale now"
                },
                "{{ModId}}.BombEgg.EggForSale": {
                    "Id": "{{ModId}}.BombEgg.EggForSale",
                    "Trigger": "DayStarted",
                    "Condition": "PLAYER_MINING_LEVEL Current 4, PLAYER_HEARTS Current Dwarf 3",
                    "Action": "AddMail Current {{ModId}}.BombEggMail.EggForSale now"
                },
                "{{ModId}}.MonsterEgg.EggForSale": {
                    "Id": "{{ModId}}.MonsterEgg.EggForSale",
                    "Trigger": "DayStarted",
                    "Condition": "PLAYER_COMBAT_LEVEL Current 5, PLAYER_HEARTS Current Krobus 3",
                    "Action": "AddMail Current {{ModId}}.MonsterEggMail.EggForSale now"
                },
                "{{ModId}}.ArtifactEggQuest.Start": {
                    "Id": "{{ModId}}.ArtifactEggQuest.Start",
                    "Trigger": "DayStarted",
                    "Condition": "PLAYER_MINING_LEVEL Current 5, PLAYER_HAS_MET Current Krobus, PLAYER_HAS_MET Current Dwarf, PLAYER_HAS_MET Current Sandy",
                    "Action": "AddMail Current {{ModId}}.Mail.ArtifactEgg.QuestStart now"
                },
                "{{ModId}}.LibrarianEgg.AchievementComplete": {
                    "Id": "{{ModId}}.LibrarianEgg.AchievementComplete",
                    "Trigger": "DayStarted",
                    "Condition": "FOUND_ALL_LOST_BOOKS, PLAYER_FORAGING_LEVEL Current 5",
                    "Action": "AddMail Current {{ModId}}.Mail.LibrarianEgg.AchievementComplete now"
                },
                "{{ModId}}.SaplingEgg.BridgeConstructed": {
                    "Id": "{{ModId}}.SaplingEgg.BridgeConstructed",
                    "Trigger": "DayStarted",
                    "Condition": "IS_ISLAND_NORTH_BRIDGE_FIXED, WORLD_STATE_FIELD GoldenWalnutsFound 60, PLAYER_FARMING_LEVEL Current 10",
                    "Action": "AddMail Current {{ModId}}.Mail.SaplingEgg.BridgeConstructed now"
                }
            }
        }
    ]
}
