{
	"ForageSpawnEnabled": true,
	"LargeObjectSpawnEnabled": false,
	"OreSpawnEnabled": false,
	"MonsterSpawnEnabled": false,
	"Forage_Spawn_Settings": {
		"Areas": [
			// Fiber Egg - Secret Woods
			{
				"SpringItemIndex": [
					{
						"Category": "Object",
						"Name": "UncleArya.ResourceChickens.FiberEgg",
						"PercentChanceToSpawn": 100
					}
				],
				"SummerItemIndex": [
					{
						"Category": "Object",
						"Name": "UncleArya.ResourceChickens.FiberEgg",
						"PercentChanceToSpawn": 100
					}
				],
				"FallItemIndex": [
					{
						"Category": "Object",
						"Name": "UncleArya.ResourceChickens.FiberEgg",
						"PercentChanceToSpawn": 100
					}
				],
				"WinterItemIndex": null,
				"UniqueAreaID": "ResourceChickens.Woods.Fiber",
				"MapName": "Woods",
				"MinimumSpawnsPerDay": 1,
				"MaximumSpawnsPerDay": 1,
				"IncludeTerrainTypes": ["All"],
				"ExcludeTerrainTypes": [],
				"IncludeCoordinates": [],
				"ExcludeCoordinates": [],
				"StrictTileChecking": "Maximum",
				"SpawnTiming": {
					"StartTime": 600,
					"EndTime": 600,
					"MinimumTimeBetweenSpawns": 10,
					"MaximumSimultaneousSpawns": null,
					"OnlySpawnIfAPlayerIsPresent": false,
					"SpawnSound": ""
				},
				"ExtraConditions": {
					"Years": [],
					"Seasons": [],
					"Days": [],
					"WeatherYesterday": [],
					"WeatherToday": [],
					"WeatherTomorrow": [],
					"GameStateQueries": ["PLAYER_FORAGING_LEVEL Current 2"],
					"CPConditions": {},
					"EPUPreconditions": [],
					"LimitedNumberOfSpawns": null
				},
				"DaysUntilSpawnsExpire": 1
			},
			// Fiber Egg - Weed Spawns - Forest
			{
				"SpringItemIndex": [
					{
						"Category": "Object",
						"Name": "UncleArya.ResourceChickens.WeedFiberEgg",
						"PercentChanceToSpawn": 50
					}
				],
				"SummerItemIndex": [
					{
						"Category": "Object",
						"Name": "UncleArya.ResourceChickens.WeedFiberEgg",
						"PercentChanceToSpawn": 50
					}
				],
				"FallItemIndex": [
					{
						"Category": "Object",
						"Name": "UncleArya.ResourceChickens.WeedFiberEgg",
						"PercentChanceToSpawn": 50
					}
				],
				"WinterItemIndex": null,
				"UniqueAreaID": "ResourceChickens.Forest.Fiber",
				"MapName": "Forest",
				"MinimumSpawnsPerDay": 1,
				"MaximumSpawnsPerDay": 1,
				"IncludeTerrainTypes": ["All"],
				"ExcludeTerrainTypes": [],
				"IncludeCoordinates": [],
				"ExcludeCoordinates": [],
				"StrictTileChecking": "Maximum",
				"SpawnTiming": {
					"StartTime": 600,
					"EndTime": 600,
					"MinimumTimeBetweenSpawns": 10,
					"MaximumSimultaneousSpawns": null,
					"OnlySpawnIfAPlayerIsPresent": false,
					"SpawnSound": ""
				},
				"ExtraConditions": {
					"Years": [],
					"Seasons": [],
					"Days": [],
					"WeatherYesterday": [],
					"WeatherToday": [],
					"WeatherTomorrow": [],
					"GameStateQueries": ["PLAYER_FORAGING_LEVEL Current 2"],
					"CPConditions": {},
					"EPUPreconditions": [],
					"LimitedNumberOfSpawns": null
				},
				"DaysUntilSpawnsExpire": 1
			},
			// Fiber Egg - Weed Spawns - Railroad
			{
				"SpringItemIndex": [
					{
						"Category": "Object",
						"Name": "UncleArya.ResourceChickens.WeedFiberEgg",
						"PercentChanceToSpawn": 50
					}
				],
				"SummerItemIndex": [
					{
						"Category": "Object",
						"Name": "UncleArya.ResourceChickens.WeedFiberEgg",
						"PercentChanceToSpawn": 50
					}
				],
				"FallItemIndex": [
					{
						"Category": "Object",
						"Name": "UncleArya.ResourceChickens.WeedFiberEgg",
						"PercentChanceToSpawn": 50
					}
				],
				"WinterItemIndex": null,
				"UniqueAreaID": "ResourceChickens.Railroad.Fiber",
				"MapName": "Railroad",
				"MinimumSpawnsPerDay": 1,
				"MaximumSpawnsPerDay": 1,
				"IncludeTerrainTypes": ["Diggable"],
				"ExcludeTerrainTypes": [],
				"IncludeCoordinates": [],
				"ExcludeCoordinates": [],
				"StrictTileChecking": "Maximum",
				"SpawnTiming": {
					"StartTime": 600,
					"EndTime": 600,
					"MinimumTimeBetweenSpawns": 10,
					"MaximumSimultaneousSpawns": null,
					"OnlySpawnIfAPlayerIsPresent": false,
					"SpawnSound": ""
				},
				"ExtraConditions": {
					"Years": [],
					"Seasons": [],
					"Days": [],
					"WeatherYesterday": [],
					"WeatherToday": [],
					"WeatherTomorrow": [],
					"GameStateQueries": ["PLAYER_FORAGING_LEVEL Current 2"],
					"CPConditions": {},
					"EPUPreconditions": [],
					"LimitedNumberOfSpawns": null
				},
				"DaysUntilSpawnsExpire": 1
			},
			// Moss Egg - Weed Spawns - Forest
			{
				"SpringItemIndex": [
					{
						"Category": "Object",
						"Name": "UncleArya.ResourceChickens.WeedMossEgg",
						"PercentChanceToSpawn": 100
					}
				],
				"SummerItemIndex": [
					{
						"Category": "Object",
						"Name": "UncleArya.ResourceChickens.WeedMossEgg",
						"PercentChanceToSpawn": 100
					}
				],
				"FallItemIndex": [
					{
						"Category": "Object",
						"Name": "UncleArya.ResourceChickens.WeedMossEgg",
						"PercentChanceToSpawn": 100
					}
				],
				"WinterItemIndex": null,
				"UniqueAreaID": "ResourceChickens.Forest.MossWeed",
				"MapName": "Forest",
				"MinimumSpawnsPerDay": 3,
				"MaximumSpawnsPerDay": 5,
				"IncludeTerrainTypes": ["All"],
				"ExcludeTerrainTypes": [],
				"IncludeCoordinates": [],
				"ExcludeCoordinates": [],
				"StrictTileChecking": "Maximum",
				"SpawnTiming": {
					"StartTime": 600,
					"EndTime": 600,
					"MinimumTimeBetweenSpawns": 10,
					"MaximumSimultaneousSpawns": null,
					"OnlySpawnIfAPlayerIsPresent": false,
					"SpawnSound": ""
				},
				"ExtraConditions": {
					"Years": [],
					"Seasons": [],
					"Days": [],
					"WeatherYesterday": ["Rain", "Storm"],
					"WeatherToday": ["GreenRain"],
					"WeatherTomorrow": [],
					"GameStateQueries": ["PLAYER_FORAGING_LEVEL Current 3"],
					"CPConditions": {},
					"EPUPreconditions": [],
					"LimitedNumberOfSpawns": null
				},
				"DaysUntilSpawnsExpire": 1
			},
			// Moss Egg - Forest - Day After Green Rain
			{
				"SpringItemIndex": null,
				"SummerItemIndex": [
					{
						"Category": "Object",
						"Name": "UncleArya.ResourceChickens.MossEgg",
						"PercentChanceToSpawn": 100
					}
				],
				"FallItemIndex": null,
				"WinterItemIndex": null,
				"UniqueAreaID": "ResourceChickens.Forest.Moss",
				"MapName": "Forest",
				"MinimumSpawnsPerDay": 1,
				"MaximumSpawnsPerDay": 1,
				"IncludeTerrainTypes": ["Diggable"],
				"ExcludeTerrainTypes": [],
				"IncludeCoordinates": [],
				"ExcludeCoordinates": [],
				"StrictTileChecking": "Maximum",
				"SpawnTiming": {
					"StartTime": 600,
					"EndTime": 600,
					"MinimumTimeBetweenSpawns": 10,
					"MaximumSimultaneousSpawns": null,
					"OnlySpawnIfAPlayerIsPresent": false,
					"SpawnSound": ""
				},
				"ExtraConditions": {
					"Years": [],
					"Seasons": [],
					"Days": [],
					"WeatherYesterday": ["GreenRain"],
					"WeatherToday": [],
					"WeatherTomorrow": [],
					"GameStateQueries": ["PLAYER_FORAGING_LEVEL Current 3"],
					"CPConditions": {},
					"EPUPreconditions": [],
					"LimitedNumberOfSpawns": null
				},
				"DaysUntilSpawnsExpire": 1
			},
			// Aquatic Egg - Beach
			{
				"SpringItemIndex": [
					{
						"Category": "Object",
						"Name": "UncleArya.ResourceChickens.AquaticEgg",
						"PercentChanceToSpawn": 100
					}
				],
				"SummerItemIndex": [
					{
						"Category": "Object",
						"Name": "UncleArya.ResourceChickens.AquaticEgg",
						"PercentChanceToSpawn": 100
					}
				],
				"FallItemIndex": [
					{
						"Category": "Object",
						"Name": "UncleArya.ResourceChickens.AquaticEgg",
						"PercentChanceToSpawn": 100
					}
				],
				"WinterItemIndex": null,
				"UniqueAreaID": "ResourceChickens.Beach.Aquatic.RainYesterday",
				"MapName": "Beach",
				"MinimumSpawnsPerDay": 1,
				"MaximumSpawnsPerDay": 1,
				"IncludeTerrainTypes": ["Diggable"],
				"ExcludeTerrainTypes": [],
				"IncludeCoordinates": ["64,7/73,13", "79,6/92,10", "66,22/89,24"],
				"ExcludeCoordinates": ["0,0/58,40"],
				"StrictTileChecking": "Maximum",
				"SpawnTiming": {
					"StartTime": 600,
					"EndTime": 600,
					"MinimumTimeBetweenSpawns": 10,
					"MaximumSimultaneousSpawns": null,
					"OnlySpawnIfAPlayerIsPresent": false,
					"SpawnSound": ""
				},
				"ExtraConditions": {
					"Years": [],
					"Seasons": [],
					"Days": [],
					"WeatherYesterday": ["Rain", "Storm"],
					"WeatherToday": [],
					"WeatherTomorrow": [],
					"GameStateQueries": ["PLAYER_FISHING_LEVEL Current 3"],
					"CPConditions": {},
					"EPUPreconditions": [],
					"LimitedNumberOfSpawns": null
				},
				"DaysUntilSpawnsExpire": 1
			},
			// Bone Egg - Railroad
			{
				"SpringItemIndex": [
					{
						"Category": "Buried",
						"Contents": ["UncleArya.ResourceChickens.BoneEgg"],
						"PercentChanceToSpawn": 50
					}
				],
				"SummerItemIndex": [
					{
						"Category": "Buried",
						"Contents": ["UncleArya.ResourceChickens.BoneEgg"],
						"PercentChanceToSpawn": 50
					}
				],
				"FallItemIndex": [
					{
						"Category": "Buried",
						"Contents": ["UncleArya.ResourceChickens.BoneEgg"],
						"PercentChanceToSpawn": 50
					}
				],
				"WinterItemIndex": [
					{
						"Category": "Buried",
						"Contents": ["UncleArya.ResourceChickens.BoneEgg"],
						"PercentChanceToSpawn": 25
					}
				],
				"UniqueAreaID": "ResourceChickens.Railroad.Bone",
				"MapName": "Railroad",
				"MinimumSpawnsPerDay": 1,
				"MaximumSpawnsPerDay": 1,
				"IncludeTerrainTypes": ["Diggable"],
				"ExcludeTerrainTypes": [],
				"IncludeCoordinates": [],
				"ExcludeCoordinates": [],
				"StrictTileChecking": "Maximum",
				"SpawnTiming": {
					"StartTime": 600,
					"EndTime": 600,
					"MinimumTimeBetweenSpawns": 10,
					"MaximumSimultaneousSpawns": null,
					"OnlySpawnIfAPlayerIsPresent": false,
					"SpawnSound": ""
				},
				"ExtraConditions": {
					"Years": [],
					"Seasons": [],
					"Days": [],
					"WeatherYesterday": [],
					"WeatherToday": [],
					"WeatherTomorrow": [],
					"GameStateQueries": ["PLAYER_FORAGING_LEVEL Current 4"],
					"CPConditions": {},
					"EPUPreconditions": [],
					"LimitedNumberOfSpawns": null
				},
				"DaysUntilSpawnsExpire": 1
			},
			// Bone Egg - Desert
			{
				"SpringItemIndex": [
					{
						"Category": "Buried",
						"Contents": ["UncleArya.ResourceChickens.BoneEgg"],
						"PercentChanceToSpawn": 100
					}
				],
				"SummerItemIndex": [
					{
						"Category": "Buried",
						"Contents": ["UncleArya.ResourceChickens.BoneEgg"],
						"PercentChanceToSpawn": 100
					}
				],
				"FallItemIndex": [
					{
						"Category": "Buried",
						"Contents": ["UncleArya.ResourceChickens.BoneEgg"],
						"PercentChanceToSpawn": 100
					}
				],
				"WinterItemIndex": [
					{
						"Category": "Buried",
						"Contents": ["UncleArya.ResourceChickens.BoneEgg"],
						"PercentChanceToSpawn": 100
					}
				],
				"UniqueAreaID": "ResourceChickens.Desert.Bone",
				"MapName": "Desert",
				"MinimumSpawnsPerDay": 1,
				"MaximumSpawnsPerDay": 1,
				"IncludeTerrainTypes": ["Diggable"],
				"ExcludeTerrainTypes": [],
				"IncludeCoordinates": [],
				"ExcludeCoordinates": [],
				"StrictTileChecking": "Maximum",
				"SpawnTiming": {
					"StartTime": 600,
					"EndTime": 600,
					"MinimumTimeBetweenSpawns": 10,
					"MaximumSimultaneousSpawns": null,
					"OnlySpawnIfAPlayerIsPresent": false,
					"SpawnSound": ""
				},
				"ExtraConditions": {
					"Years": [],
					"Seasons": [],
					"Days": [],
					"WeatherYesterday": [],
					"WeatherToday": [],
					"WeatherTomorrow": [],
					"GameStateQueries": ["PLAYER_FORAGING_LEVEL Current 4"],
					"CPConditions": {},
					"EPUPreconditions": [],
					"LimitedNumberOfSpawns": null
				},
				"DaysUntilSpawnsExpire": 1
			},
			// Geode Egg - Quarry
			{
				"SpringItemIndex": [
					{
						"Category": "Object",
						"Name": "UncleArya.ResourceChickens.GeodeStoneEgg",
						"PercentChanceToSpawn": 100
					}
				],
				"SummerItemIndex": [
					{
						"Category": "Object",
						"Name": "UncleArya.ResourceChickens.GeodeStoneEgg",
						"PercentChanceToSpawn": 100
					}
				],
				"FallItemIndex": [
					{
						"Category": "Object",
						"Name": "UncleArya.ResourceChickens.GeodeStoneEgg",
						"PercentChanceToSpawn": 100
					}
				],
				"WinterItemIndex": [
					{
						"Category": "Object",
						"Name": "UncleArya.ResourceChickens.GeodeStoneEgg",
						"PercentChanceToSpawn": 100
					}
				],
				"UniqueAreaID": "ResourceChickens.Quarry.Geode",
				"MapName": "Mountain",
				"MinimumSpawnsPerDay": 1,
				"MaximumSpawnsPerDay": 1,
				"IncludeTerrainTypes": ["Diggable"],
				"ExcludeTerrainTypes": [],
				"IncludeCoordinates": ["109,11/130,35"],
				"ExcludeCoordinates": [],
				"StrictTileChecking": "Maximum",
				"SpawnTiming": {
					"StartTime": 600,
					"EndTime": 600,
					"MinimumTimeBetweenSpawns": 10,
					"MaximumSimultaneousSpawns": null,
					"OnlySpawnIfAPlayerIsPresent": false,
					"SpawnSound": ""
				},
				"ExtraConditions": {
					"Years": [],
					"Seasons": [],
					"Days": [],
					"WeatherYesterday": [],
					"WeatherToday": [],
					"WeatherTomorrow": [],
					"GameStateQueries": ["PLAYER_MINING_LEVEL Current 3"],
					"CPConditions": {},
					"EPUPreconditions": [],
					"LimitedNumberOfSpawns": null
				},
				"DaysUntilSpawnsExpire": 1
			}
		],
		"PercentExtraSpawnsPerForagingLevel": 0,
		"SpringItemIndex": [16, 20, 22, 257],
		"SummerItemIndex": [396, 398, 402, 404],
		"FallItemIndex": [281, 404, 420, 422],
		"WinterItemIndex": [],
		"CustomTileIndex": []
	}
}
